position,location,Company,link,Jobid
.NET Developer,"Plano, TX",Kforce Technology,https://www.careerbuilder.com/job/J3M74675ZJTR0Q9553M?ipath=CRJR1,Job ID: ITWQG1882798
Senior .NET Developer,"Memphis, TN",Cook Systems,https://www.careerbuilder.com/job/JHM3PL71X4VNP2P4P19?ipath=CRJR2,nothing found
.Net developer,"Chicago, IL",Q1 Tech Inc,https://www.careerbuilder.com/job/J3M3TX63GN5FZJ5XQNQ?ipath=CRJR3,Job ID: JPC-8891-8894
Full stack .Net Developer,"Newark, DE",Genesis10,https://www.careerbuilder.com/job/J3M21W6XQ3RH5KP7RV1?ipath=CRJR4,Job ID: 20-01683
"CRM Developer - MS Dynamics CRM - Orlando, Florida - 130/hr","Orlando, FL",Jefferson Frank,https://www.careerbuilder.com/job/J3V3P16GNSSTL50G43S?ipath=CRJR5,Job ID: 3/5/20-DM
Sr. .Net/API Developer,"Bayonne, NJ",The Judge Group,https://www.careerbuilder.com/job/J3Q7426CL99S3T00TSL?ipath=CRJR6,Job ID: 654108
Senior Application Developer,"Grand Rapids, MI",Kforce Technology,https://www.careerbuilder.com/job/J3S3VN62LXTQYHMR8D3?ipath=CRJR7,Job ID: ITEQG1883007
Application Development Analyst,"Grand Rapids, MI","Integrated Resources, Inc",https://www.careerbuilder.com/job/J3N2HZ75RWMS7D8KSLS?ipath=CRJR8,Job ID: 20-03213
Salesforce Developer,"Addison, TX",The Judge Group,https://www.careerbuilder.com/job/J3T8DP77VBX29V3CQ0V?ipath=CRJR9,Job ID: 656049
Application Programmer,"Jersey City, NJ",Genesis10,https://www.careerbuilder.com/job/J3R1K160V489NFBT32L?ipath=CRJR10,Job ID: 20-01664
Sr Data Engineer / Sr Big Data Engineer,"Plano, TX",Infovision Consultants Inc,https://www.careerbuilder.com/job/J2Z1HS6YT8WSL08DVZC?ipath=CRJR11,nothing found
Sr. Java Developer,"Lemont, IL",DivIHN Integration Inc,https://www.careerbuilder.com/job/J3M60L6C7X4B0KK09H7?ipath=CRJR12,Job ID: DIV2366-2505
Advanced Software Engineer,"Indianapolis, IN",Fahrenheit IT,https://www.careerbuilder.com/job/J3P5K15VM5LYJLS3FZ6?ipath=CRJR13,Job ID: BHJOB22580_184251
COBOL-DB2-SQL Developer,"Cleveland, OH",Genesis10,https://www.careerbuilder.com/job/J3S3K85Z5F800SYHPKB?ipath=CRJR14,Job ID: 20-01665
CICS Cobol Developer,"Tampa, FL",Kforce Technology,https://www.careerbuilder.com/job/J3S3VG60YRKZV77B4CR?ipath=CRJR15,Job ID: ITTVT1870408
UI/UX Engineer,"Durham, NC",Kforce Technology,https://www.careerbuilder.com/job/J3N0QQ70DZ05CCGZP1R?ipath=CRJR16,Job ID: ITTVT1867174
Applications Development Analyst,Contractor,"Nashville, TN",https://www.careerbuilder.com/job/J2Z55B76H4MRCSRVWBC?ipath=CRJR17,nothing found
Application Developer I,"St. Louis, MO",Kforce Technology,https://www.careerbuilder.com/job/J3N16K6M49MM4RRPWQ0?ipath=CRJR18,Job ID: ITEQG1882875
Application Software Developer III,"Princeton, NJ",Kforce Technology,https://www.careerbuilder.com/job/J3Q6L273FM7MWNB7ZZN?ipath=CRJR19,Job ID: ITAQG1882828
Senior SQL Developer,"Philadelphia, PA",Kforce Technology,https://www.careerbuilder.com/job/J3P6QS6KXFDKHB6Q0JJ?ipath=CRJR20,Job ID: ITAQG1882728
Application Developer II,"St. Louis, MO",Kforce Technology,https://www.careerbuilder.com/job/J3W7JS6P62N3R50V7QF?ipath=CRJR21,Job ID: ITEQG1882882
Technical Lead,"Princeton, NJ",Kforce Technology,https://www.careerbuilder.com/job/J3S46V6F3JRVG9XSCDZ?ipath=CRJR22,Job ID: ITAQG1882417
Data Engineer,"East Palo Alto, CA",Experis,https://www.careerbuilder.com/job/J3M7WT679S0S808L6RH?ipath=CRJR23,Job ID: FOX_11474122
Java Developer,"Moline, IL",ICONMA,https://www.careerbuilder.com/job/JDD6DS693NV7D2J9W53?ipath=CRJR24,Job ID: 20-03385
Senior C# Developer,"New York, NY",Veterans Sourcing Group HQ,https://www.careerbuilder.com/job/J3P79V6QM2HB4V0JCNR?ipath=CRJR25,Job ID: 20-01602
Workday Integrations Developer,"San Francisco, CA",New Journey AI,https://www.careerbuilder.com/job/J3P3WH73HLS8LYRQYTK?ipath=CRJR26,Job ID: 20-01684
Software Design Engineer 3,"Redmond, WA",Experis,https://www.careerbuilder.com/job/J3Q5T765C02JJ9GB7XC?ipath=CRJR27,Job ID: FOX_11474056
Sr AEM Developer,"Irvine, CA","Innovative Information Technologies, Inc.",https://www.careerbuilder.com/job/JD9793661RRTKMF7927?ipath=CRJR28,nothing found
FULL STACK DEVELOPER,"Seattle, WA",TopMindz,https://www.careerbuilder.com/job/J3T0CD73LYZ8NMX05BJ?ipath=CRJR29,Job ID: JPC-14-14
Pega LDA (Lead Decisioning Architect),"Atlanta, GA",DISYS,https://www.careerbuilder.com/job/J2Y61Z68HWLV890RRL4?ipath=CRJR30,nothing found
Android Engineer,"Berkeley Heights, NJ",WorldLink,https://www.careerbuilder.com/job/JDH7XJ6NWTGSSJJN0W9?ipath=CRJR31,nothing found
BI Developer,"White Plains, NY 10601",Diskriter Inc.,https://www.careerbuilder.com/job/J330PG6XGRM6XX1Y0YZ?ipath=CRJR32,nothing found
Java Developer with Kafka,"Plano, TX",eGrove Systems Corporation,https://www.careerbuilder.com/job/J2P64B60QQ2VKKLXN4H?ipath=CRJR33,nothing found
.NET Programmer,"Winchester, VA",Elite Technical,https://www.careerbuilder.com/job/J3V04D6RSRNDF77BW40?ipath=CRJR34,Job ID: 9617
Sql Developer,"Beaverton, OR",Apton Inc,https://www.careerbuilder.com/job/JD94RH6FZF60X647MKC?ipath=CRJR35,nothing found
Python Developer,"Cupertino, CA",Mindlance,https://www.careerbuilder.com/job/JD64VK6HSG92C5RYTH3?ipath=CRJR36,nothing found
Oracle PL/SQL Developer,"Hartford, CT","International Solutions Group, Inc",https://www.careerbuilder.com/job/J2N7WM6ML3GMH61NVRN?ipath=CRJR37,nothing found
Full Stack Developer,Contractor,"Durham, NC",https://www.careerbuilder.com/job/JD67NS5WJNQCFWBSPLL?ipath=CRJR38,Job ID: BH66591
Mobile Developer,"Atlanta, GA",Infodyne Solutions,https://www.careerbuilder.com/job/J315F66KTJ21T033B9P?ipath=CRJR39,nothing found
Oracle PL/SQL Developer,"Fremont, CA",Advantage Resourcing,https://www.careerbuilder.com/job/J3T7HY77L6Z0KDJX8ZX?ipath=CRJR40,Job ID: 951488
Big Data Engineer,"Franklin Lakes, NJ",Open Systems Technologies,https://www.careerbuilder.com/job/JD63FY68D2SLS07007B?ipath=CRJR41,nothing found
UI Developer,San Francisco CA,DISYS,https://www.careerbuilder.com/job/J3123V67KQ4X7PK6BGG?ipath=CRJR42,nothing found
Senior iOS Mobile Developer,"Memphis, TN",Cook Systems,https://www.careerbuilder.com/job/J2P4CH6P569Q7X1LCRC?ipath=CRJR43,nothing found
"Mobile Software Engineer - Java and Spring Boot - Contract (W2 Only) - St. Louis, MO","St. Louis, MO","iTech Solutions, Inc",https://www.careerbuilder.com/job/J3T02Q6SN0STXG8XZPC?ipath=CRJR44,Job ID: 20-00365
Data Engineer - Contractor,"Seattle, WA",Ernst and Young LLP,https://www.careerbuilder.com/job/JDF4KH6B3TMJ5HGBY1P?ipath=CRJR45,Job ID: James
Android Developer,"Dallas, TX",Collaborate Solutions Inc,https://www.careerbuilder.com/job/J2Z18S6PKCCGVVN5TQY?ipath=CRJR46,nothing found
Web Gaming Developer - HTML5,"Redmond, WA",eXcell,https://www.careerbuilder.com/job/J3T1046H9DZJ0QCPJSD?ipath=CRJR47,Job ID: 20-00681
Data Warehouse Developer,"Charlotte, NC",The Select Group,https://www.careerbuilder.com/job/J3T4HX79H2WCZMDNT1T?ipath=CRJR48,Job ID: TheSelectGroup_50740
Mobile Functional Tester,"Los Angeles, CA","Beacon Hill Staffing Group, LLC",https://www.careerbuilder.com/job/J3N21K6BNZ918Q0KK8R?ipath=CRJR49,Job ID: NS-MFT-NS
Mainframe Quality Assurance - UAT,"Talleyville, DE",Kforce Technology,https://www.careerbuilder.com/job/J3P2ZW6FWMNXSL4YTLF?ipath=CRJR50,Job ID: ITTVT1875995
Senior Programmer Analyst,"Orlando, FL",Kforce Technology,https://www.careerbuilder.com/job/J3P4JB5W4K4PKLXHQGJ?ipath=CRJR51,Job ID: ITEQG1872513
Application Systems Engineer 5,"Charlotte, NC",Kforce Technology,https://www.careerbuilder.com/job/J3P18C67T3LYV2ZZN0B?ipath=CRJR52,Job ID: ITTVT1883038
Infrastructure/Kubernetes Engineer,"Plano, TX","American Cybersystems, Inc. (ACS Group)",https://www.careerbuilder.com/job/J3343H648QSYH0WTB88?ipath=CRJR53,nothing found
Talend ETL Developer,"San Antonio, TX","American Cybersystems, Inc. (ACS Group)",https://www.careerbuilder.com/job/J3Q8B773Y7LSRFVPPXR?ipath=CRJR54,Job ID: 197758
UAT Tester,"Wilmington, DE",Kforce Finance and Accounting,https://www.careerbuilder.com/job/J3R3MG5XR9BDH2DC9CJ?ipath=CRJR55,Job ID: FATVF1882582
QA Technician,"Richmond, CA",Staffmark,https://www.careerbuilder.com/job/J3P51H643JXDJSC69SK?ipath=CRJR56,Job ID: 949675
Systems Engineer- Lawson,"Grand Rapids, MI","Integrated Resources, Inc",https://www.careerbuilder.com/job/J3W7P260SRXRYWMTCFJ?ipath=CRJR57,Job ID: 20-03224
Software Dev Engineer 3 (Java),"Bluffdale, UT",ConsultNet,https://www.careerbuilder.com/job/J3W79X6HK7G53YZZP1Y?ipath=CRJR58,Job ID: 20-00432
Quality Engineer,"Tempe, AZ","Integrated Resources, Inc",https://www.careerbuilder.com/job/J3N66675FBFD2YWJFNK?ipath=CRJR59,Job ID: 20-03197
Infrastructure PM,"Glastonbury, CT",Kforce Technology,https://www.careerbuilder.com/job/J3N6GX62KWLB6R79VVG?ipath=CRJR60,Job ID: ITAQG1883011
Senior Systems Engineer,"Jacksonville, FL",Kforce Technology,https://www.careerbuilder.com/job/J3P2WZ6NC8XP52JK2YJ?ipath=CRJR61,Job ID: ITJAX1882784
Systems Engineer,"Columbus, OH",Kforce Technology,https://www.careerbuilder.com/job/J3R2YB6WTZRWY4JSXG4?ipath=CRJR62,Job ID: ITEQG1882902
Quality Assurance Tech,"San Francisco, CA",Kforce Technology,https://www.careerbuilder.com/job/J3S15L648HY3W69RRPM?ipath=CRJR63,Job ID: ITTVT1882992
Web Developer 6,"Minneapolis, MN",Kforce Technology,https://www.careerbuilder.com/job/J3R8H76K17GLVH40592?ipath=CRJR64,Job ID: ITTVT1882852
DevOps Engineer,"Salt Lake City, UT",Kforce Technology,https://www.careerbuilder.com/job/J3N7H16Q6TB7P1B3XLL?ipath=CRJR65,Job ID: ITWQG1882596
Java Front End / Angular 6 Developer,"Louisville, KY",Kforce Technology,https://www.careerbuilder.com/job/J3N4KT6J94DRGWPNYF8?ipath=CRJR66,Job ID: ITEQG1883208
Senior Full Stack Java Developer,"Cleveland, OH",Kforce Technology,https://www.careerbuilder.com/job/J3T17B70X6WK7YXHFJV?ipath=CRJR67,Job ID: ITEQG1882673
Application Systems Engineer 1,"Charlotte, NC",Kforce Technology,https://www.careerbuilder.com/job/J3N3YL6Z6WHD7BN76KD?ipath=CRJR68,Job ID: ITTVT1882813
Systems / Storage Engineer,"Columbus, OH",Kforce Technology,https://www.careerbuilder.com/job/J3P2LX5WQR4YFLWYN2Q?ipath=CRJR69,Job ID: ITEQG1882536
Senior Quality Assurance Engineer - Automation,"Remote, OR",The Judge Group,https://www.careerbuilder.com/job/J3V2PZ6MHWW3RQNC308?ipath=CRJR70,Job ID: 656210
Infrastructure/Kubernetes Engineer,"Plano, TX",AIC (part of ACS Group),https://www.careerbuilder.com/job/J3V0K1697CM5D60HNNR?ipath=CRJR71,Job ID: 197808
Testing Senior,"Taylor, MI","Fast Switch, Ltd",https://www.careerbuilder.com/job/J3N4M07421BN0N2H8P7?ipath=CRJR72,Job ID: 385778
Quality Engineer III/IV,"San Jose, CA",Ascent,https://www.careerbuilder.com/job/J3T2YR60R0372DVJK98?ipath=CRJR73,Job ID: 20-02269
"UI / Front-end developer - Angular 2, Typescript, Java","Austin, TX",Nexgens Software Solutions,https://www.careerbuilder.com/job/J2Z4Q16B96FYDTKVQ0F?ipath=CRJR74,nothing found
SDET Tester,"Dallas, TX",eGrove Systems Corporation,https://www.careerbuilder.com/job/J2S3H778ZNCHM1DFP1H?ipath=CRJR75,nothing found
DevOps Engineer,"Plano, TX",AIC (part of ACS Group),https://www.careerbuilder.com/job/J3S6J06CFF6DWHVBVPT?ipath=CRJR76,Job ID: 197809
"UI / Front-end developer - Angular 2, Typescript, Java","San Jose, CA",Nexgen Software Solutions,https://www.careerbuilder.com/job/JDD4JW60YRL3DV1WV6K?ipath=CRJR77,nothing found
Quality Assurance Automation Engineer W2 Only,"Irvine, CA","Mantek Solutions, Inc.",https://www.careerbuilder.com/job/J3V8BH6CLTWK7DLZ5N3?ipath=CRJR78,Job ID: BBBH6232
Sr. ETL Developer,"Richmond, VA",Experis,https://www.careerbuilder.com/job/J3R2L46MDJBMKQRBV86?ipath=CRJR79,Job ID: FOX_11473719
Sr User Acceptance Tester,"Remote, OR",The Judge Group,https://www.careerbuilder.com/job/J3W79F726HCLV57TBRP?ipath=CRJR80,Job ID: 651834
"Lead Software Engineer - Snoqualmie, WA","Snoqualmie, WA",Advantage Resourcing,https://www.careerbuilder.com/job/J3M2G66LLF1935V27JH?ipath=CRJR81,Job ID: 951824
Software Developer - Mid-Level,"Lone Tree, CO",The Judge Group,https://www.careerbuilder.com/job/J3M26T73KJQJ6X7KWCS?ipath=CRJR82,Job ID: 655911
Reactjs Front end developer,"Dallas, TX",The Judge Group,https://www.careerbuilder.com/job/J3R0C06PFNPXLG8GFBH?ipath=CRJR83,Job ID: 656058
QA / Salesforce,"Lone Tree, CO",The Judge Group,https://www.careerbuilder.com/job/J3Q89C75N60VV52VWCR?ipath=CRJR84,Job ID: 656006
QA Automation Developer,"Chicago, IL",The Judge Group,https://www.careerbuilder.com/job/J3W1195YG081DHHVB73?ipath=CRJR85,Job ID: 655898
Site Reliability/Devops Engineer,"Bellevue, WA",Vaco Technology,https://www.careerbuilder.com/job/J3N3SX70ZD9Y76RVSLS?ipath=CRJR86,Job ID: SITER93848
"Frontend Developer ( Angular ) - Phoenix, AZ","Phoenix, AZ",Tektree LLC,https://www.careerbuilder.com/job/J3N78X6PR486XSXWLDY?ipath=CRJR87,Job ID: JPC-113-113
Web Developer,"Houston, TX",DISYS,https://www.careerbuilder.com/job/JCL7B35W187D3LZVS09?ipath=CRJR88,nothing found
Embedded Engineer,"Lutherville-Timonium, MD","Metasys Technologies, Inc.",https://www.careerbuilder.com/job/J2Z0BJ762Z9KQKJ47NZ?ipath=CRJR89,nothing found
Quality Engineer,Contractor,"Tempe, AZ",https://www.careerbuilder.com/job/J2Y23B6D0BYR5V7B1S4?ipath=CRJR90,nothing found
Quality Assurance (Qa) Technician,"San Antonio, TX",Global Technical Services,https://www.careerbuilder.com/job/J2S55G6ZDZ0G9QNL0RL?ipath=CRJR91,nothing found
Quality Engineer,"Auburn Hills, MI",Advantage Resourcing,https://www.careerbuilder.com/job/J3V17L653358J8M78XZ?ipath=CRJR92,Job ID: 951913
Embedded Software Engineer,"Indianapolis, IN",Insight Global,https://www.careerbuilder.com/job/J3T6DQ6T1C8733L9KDV?ipath=CRJR93,Job ID: IND-369590
Cloud Operations Engineer,"Richardson, TX",GDH,https://www.careerbuilder.com/job/J3T7816L1LNZ0ZB0YYS?ipath=CRJR94,Job ID: GDH_66923
Backend (Ruby on Rails) Developer - Contractor,"San Jose, CA",Ernst and Young LLP,https://www.careerbuilder.com/job/JDF1L776N12ZNKP7NJG?ipath=CRJR95,Job ID: James
Robotics RPA Developer,"Talleyville, DE",Kforce Technology,https://www.careerbuilder.com/job/J3T6696PNJZBTNKPX22?ipath=CRJR96,Job ID: ITJPT1875999
Test / Quality Manager,"Madison, WI",Kforce Technology,https://www.careerbuilder.com/job/J3S3RW6KBZH8QCMPC5H?ipath=CRJR97,Job ID: ITEQG1883113
Application System Analyst,"Grand Rapids, MI",Kforce Technology,https://www.careerbuilder.com/job/J3S5GQ74QVDSGQJMHWG?ipath=CRJR98,Job ID: ITEQG1883013
IT Technical Lead,"Austin, TX",Genesis10,https://www.careerbuilder.com/job/J3P30W64HVP1PJRYJMB?ipath=CRJR99,Job ID: 20-01636
.NET Developer,"Hopkinton, MA",Eliassen Group,https://www.careerbuilder.com/job/J3V6NG6RQTXM8JZP7BD?ipath=CRJR100,Job ID: 335317
Senior .Net Developer,"Boston, MA",Eliassen Group,https://www.careerbuilder.com/job/J3N0YD6WKN6745Y4J6M?ipath=CRJR101,Job ID: 334309
Senior .NET Developer,"Boston, MA","Fast Switch, Ltd.",https://www.careerbuilder.com/job/J3S1QV5WX1H7CTVQJ8V?ipath=CRJR102,Job ID: 56557
Senior .Net Developer,"Stamford, CT",Apex Systems,https://www.careerbuilder.com/job/J3R3G56C67Y7CC6RVD8?ipath=CRJR103,Job ID: 1054545
.Net Developer,"Houston, TX",Apex Systems,https://www.careerbuilder.com/job/J3N3M96M5CBRDSBHL8Z?ipath=CRJR104,Job ID: 1046089
C# / Dot Net Developer,"Columbia, SC","Act Consulting, LLC",https://www.careerbuilder.com/job/J3S1F66H8ZRKZS0B4Y5?ipath=CRJR105,Job ID: TN~JD78GD71X7VBN9H0JF3
Full Stack .NET Developer,"Frederick, MD",Apex Systems,https://www.careerbuilder.com/job/J3W721737V25WPD30FC?ipath=CRJR106,Job ID: 1045962
Java Developer,"St. Louis, MO","Fast Switch, Ltd.",https://www.careerbuilder.com/job/J3M4MP61GYLFZKCY7BP?ipath=CRJR107,Job ID: 55911
MS Dynamics ERP Developer,"Boca Raton, FL",Eliassen Group,https://www.careerbuilder.com/job/J3M2HK64JMTTY5B7XV4?ipath=CRJR108,Job ID: 335220
User Interface Developer Sr.,"San Jose, CA",Apex Systems,https://www.careerbuilder.com/job/J3S8FG616Z81R2XVKKS?ipath=CRJR109,Job ID: 1052818
Applications/Solution Architect,"Chicago, IL",Apex Systems,https://www.careerbuilder.com/job/J3M10266T1GRX3N79HV?ipath=CRJR110,Job ID: 1054597
Lead Software Engineer,"Durham, NC",Eliassen Group,https://www.careerbuilder.com/job/J3W01H5ZFPT5R3BYCL1?ipath=CRJR111,Job ID: 334206
BPM Developer,"Des Moines, IA",Apex Systems,https://www.careerbuilder.com/job/J3T5VT766L0T4G5LW96?ipath=CRJR112,Job ID: 1054269
Sr. Full Stack Developer,"Cleveland, OH",Apex Systems,https://www.careerbuilder.com/job/J3W43X64N0F3WR74Y4N?ipath=CRJR113,Job ID: 1052450
Senior Software Developer,"Fort Belvoir, VA","ITAC Solutions, LLC",https://www.careerbuilder.com/job/J3M25S6WNJVM9DN75DY?ipath=CRJR114,Job ID: 24787
Junior-Mid Software Developer,"Highland Beach, FL",Signature Consultants,https://www.careerbuilder.com/job/J3S3D965HV94V4DGB28?ipath=CRJR115,Job ID: 302226
(ASR NLP) Lead Software Engineer,"Eden Prairie, MN",Apex Systems,https://www.careerbuilder.com/job/J3V5VL6F1TN370NW8QC?ipath=CRJR116,Job ID: 1054227
Lead Software Engineer,"Overland Park, KS",Hunter Technical Resources,https://www.careerbuilder.com/job/J3T1Y376MZZNZS8Y7GH?ipath=CRJR117,Job ID: 4999237
Salesforce Developer,"McLean, VA","Makro Technologies, Inc",https://www.careerbuilder.com/job/J2R7MJ69P7Y32DM7QCY?ipath=CRJR118,nothing found
Principal Software Integration Engineer,"Aurora, CO",GeoLogics,https://www.careerbuilder.com/job/J3R4TT604PSZK6P0WMY?ipath=CRJR119,Job ID: 9674
Senior iOS Developer,"Fort Worth, TX",Spectraforce,https://www.careerbuilder.com/job/J3P5YN727D9P74L4B8D?ipath=CRJR120,Job ID: ~TN~J2Z39X79QV7NDMT0TRW
Applications Development Analyst,"Nashville, TN","Act Consulting, LLC",https://www.careerbuilder.com/job/J3W7FT77RTD3W8WLWF2?ipath=CRJR121,Job ID: TN~J2Z55B76H4MRCSRVWBC
Application Engineer,"Seattle, WA","Next Generation Technology, Inc.",https://www.careerbuilder.com/job/J3S6LH6SZ3MDX30VX46?ipath=CRJR122,Job ID: ZR_1062_JOB
DevOps Specialist,"Annapolis, MD","Corporate Brokers, LLC",https://www.careerbuilder.com/job/J3V68W69RR4SVS01VNV?ipath=CRJR123,Job ID: 11587
Senior Java Developer,"Alpharetta, GA",Agile,https://www.careerbuilder.com/job/J3S2GL6FXWCY1VXLJVB?ipath=CRJR124,Job ID: 4950738
ServiceNow Developer,"Watertown, MA",The Panther Group,https://www.careerbuilder.com/job/J3V4Z870NT9598943Z9?ipath=CRJR125,Job ID: 4383833
Model Based Design Development Engineer,"Dearborn, MI","Ronin Staffing, LLC",https://www.careerbuilder.com/job/J3P4D168S21R0G00TJP?ipath=CRJR126,Job ID: 4492
SAP ABAP Developer,"Jackson, MS","Globalpundits Technology Consultancy, Inc",https://www.careerbuilder.com/job/J3W0VW6VT0JGPMG65VC?ipath=CRJR127,Job ID: 12652
Full Stack Developer,"Minneapolis, MN",TALENT Software Services,https://www.careerbuilder.com/job/J3W6NR6T8BDCGL1ZTVK?ipath=CRJR128,Job ID: 20-00487
Software Developer II,"Cambridge, MA",Apex Systems,https://www.careerbuilder.com/job/J3V5Z66M18MHPSC9WW6?ipath=CRJR129,Job ID: 1046378
Senior Developer,"New York, NY",Syntagma Group,https://www.careerbuilder.com/job/J3R1DZ6N3DR6TZGMWLH?ipath=CRJR130,Job ID: 973
Full Stack Engineer,"Durham, NC",Eliassen Group,https://www.careerbuilder.com/job/J3P3KK67NWP8SBXRQRP?ipath=CRJR131,Job ID: 332976
Quality Engineer,"Maplewood, MN",Spectraforce Technologies Inc,https://www.careerbuilder.com/job/J3R2WT6H9VW6GQRW9LP?ipath=CRJR132,Job ID: ~TN~J4R5VN71W0S5KTDXYN9
Software Engineer Front End,"Boston, MA",Apex Systems,https://www.careerbuilder.com/job/J3P3ST63D0XH8X3QX9W?ipath=CRJR133,Job ID: 1045753
QA Technician,"South San Francisco, CA",Apex Systems,https://www.careerbuilder.com/job/J3V2686KFYHCNY3KHT9?ipath=CRJR134,Job ID: 1054380
Site Reliability Engineer,"South Jordan, UT",Apex Systems,https://www.careerbuilder.com/job/J3W4R8699NPD7YK6RJ8?ipath=CRJR135,Job ID: 1050537
Quality Assurance Testing Associate III,"Bridgewater Township, NJ",Townsend & Associates,https://www.careerbuilder.com/job/J3W6NM76DHGTPLTNTPF?ipath=CRJR136,Job ID: 18-01961
QA Associate,"Ayer, MA",Townsend & Associates,https://www.careerbuilder.com/job/J3S70W6F4FZTSLGD4F8?ipath=CRJR137,Job ID: 20-00280
Software Development Engineer in Test,"Auburn, NH",Eliassen Group,https://www.careerbuilder.com/job/J3R3DP71Q6RFHQTHTYW?ipath=CRJR138,Job ID: 334288
UI React Engineer,"Boston, MA",Eliassen Group,https://www.careerbuilder.com/job/J3P56K667126LMRVXNJ?ipath=CRJR139,Job ID: 334269
ETL Consultant,"Bridgewater Township, NJ",BCforward,https://www.careerbuilder.com/job/J3T5P06Q9XVF6478Q80?ipath=CRJR140,Job ID: BCforward_103594
Senior Front End Web Developer,"Dearborn, MI","Fast Switch, Ltd.",https://www.careerbuilder.com/job/J3W2B15Z1F9X8YWRFHS?ipath=CRJR141,Job ID: 56552
Sr. ServiceNow System Developer,"Boston, MA","Fast Switch, Ltd.",https://www.careerbuilder.com/job/J3M0QN79TXPZ5Y50ZV0?ipath=CRJR142,Job ID: 56556
Test Engineer,"Dublin, OH",BCforward,https://www.careerbuilder.com/job/J3W7BF6G1W439SCV1GF?ipath=CRJR143,Job ID: BCforward_103491
Backend Java Developer,"Plano, TX",Apex Systems,https://www.careerbuilder.com/job/J3R0FX65QWG2RF0TQLM?ipath=CRJR144,Job ID: 1032734
Data SDET,"Owings Mills, MD",Apex Systems,https://www.careerbuilder.com/job/J3T6145YG4JMDVCNVY4?ipath=CRJR145,Job ID: 1054342
Sharepoint Developer,"Fort Belvoir, VA",Apex Systems,https://www.careerbuilder.com/job/J3M0QT6TCBMV79G4H1P?ipath=CRJR146,Job ID: 1054229
SCOM Engineer,"Joint Base Andrews, MD",Apex Systems,https://www.careerbuilder.com/job/J3M6FV5XBQGT0F84206?ipath=CRJR147,Job ID: 1053297
Senior JMeter Performance Tester,"Owings Mills, MD",Apex Systems,https://www.careerbuilder.com/job/J3Q02C77SH7QNJXX7D6?ipath=CRJR148,Job ID: 1054293
React UI Developer,"Summit, NJ",Apex Systems,https://www.careerbuilder.com/job/J3V2XQ5ZF91TYJ0NXQB?ipath=CRJR149,Job ID: 1053842
Sr QA Automation Engineer,"Chicago, IL","Brilliant Financial Staffing - Chicago, Dallas & Ft. Lauderdale",https://www.careerbuilder.com/job/J3T8FJ5VSF91FGY4XGY?ipath=CRJR150,Job ID: 25297
Quality Assurance Specialist,"Summit, NJ",System One,https://www.careerbuilder.com/job/J3Q55N6DMWN86YHTNWB?ipath=CRJR151,Job ID: 150457
User Acceptance Tester,"Columbus, OH","Fast Switch, Ltd.",https://www.careerbuilder.com/job/J3P1RX6S49T3V09WRRX?ipath=CRJR152,Job ID: 56799
"Software Developer - Iselin, NJ","Woodbridge Township, NJ",RCS Corporation,https://www.careerbuilder.com/job/J3T3TS65YFHLR79L7ZR?ipath=CRJR153,Job ID: 16984
Data Warehouse Developer,"Charlotte, NC",The Select Group,https://www.careerbuilder.com/job/J3N5WW62VZP3MLHDMH9?ipath=CRJR154,Job ID: TheSelectGroup_50740
SC Site Reliability Engineer,"Charleston, SC",Hunter Technical Resources,https://www.careerbuilder.com/job/J3V5YT67ZCT3HC1NV46?ipath=CRJR155,Job ID: 4876888
Sr. Software Integration Systems Eng.,"Aurora, CO",GeoLogics,https://www.careerbuilder.com/job/J3P1H86QY92XBRKBGP4?ipath=CRJR156,Job ID: 9686
Systems Engineer,"Richardson, TX",GeoLogics,https://www.careerbuilder.com/job/J3V5745WZW53JG8T8FW?ipath=CRJR157,Job ID: 9512
Senior QA Automation Developer,"Plano, TX",Prestige Staffing Information Technology Job,https://www.careerbuilder.com/job/J3T2GN6SYGK9P44VFZV?ipath=CRJR158,Job ID: 25572
Embedded Software Engineer,"Bloomington, MN",GeoLogics,https://www.careerbuilder.com/job/J3M19Z68MNR2ZPFDYPH?ipath=CRJR159,Job ID: 9675
Senior DevOps Engineer,"Plano, TX",Prestige Staffing Information Technology Job,https://www.careerbuilder.com/job/J3P6566XT0L7CR9Q4VB?ipath=CRJR160,Job ID: 25571
Sr. QA Analyst,"Chicago, IL",Prestige Staffing Information Technology Job,https://www.careerbuilder.com/job/J3S03H63KWTK4MRM9WX?ipath=CRJR161,Job ID: 25708
Clinical Programmer - NJ,"Berkeley Heights, NJ",Planet Pharma,https://www.careerbuilder.com/job/J3P4KC63K2L6J3QB3VP?ipath=CRJR162,Job ID: 114654
Java Backend Engineer for Honeycomb Platform,"Austin, TX","Next Generation Technology, Inc.",https://www.careerbuilder.com/job/J3N1SQ74CS1QRRQM3ZM?ipath=CRJR163,Job ID: ZR_1050_JOB
Systems Engineer,"Belleair, FL",The Computer Merchant Ltd,https://www.careerbuilder.com/job/J3P81W648NYP6JMRKZ7?ipath=CRJR164,Job ID: 20-00315
Mainframe Developer - Billing Systems - TX No Sponsorship Available,"Coppell, TX","Mantek Solutions, Inc.",https://www.careerbuilder.com/job/J3P74F6DB4SKWD45FG4?ipath=CRJR165,Job ID: 6191
CISCO Site Reliability/Network Engineer,"Boston, MA",Syntagma Group,https://www.careerbuilder.com/job/J3V2YD6TZDLL7L6GCG5?ipath=CRJR166,Job ID: 950
QUALITY ASSURANCE SPECIALIST,"Tempe, AZ","PEAK Technical Services, Inc.",https://www.careerbuilder.com/job/J3P0DT6TM31B22MYHNX?ipath=CRJR167,Job ID: 85571
Programmer,"Salem, OR",TALENT Software Services,https://www.careerbuilder.com/job/J3T8G16DJ9SYNJHF37P?ipath=CRJR168,Job ID: 19-03458
Software Engineer(MATLAB),"Patuxent River, MD","KMM Technologies, Inc.",https://www.careerbuilder.com/job/J3R4KD715ZRK1FNMMPY?ipath=CRJR169,Job ID: KMM--1270
Sr Systems Engineer,"Buffalo Grove, IL","Alphanumeric Systems, Inc. - Public Sector",https://www.careerbuilder.com/job/J3M1Y5649YXS2M9LBM6?ipath=CRJR170,Job ID: 5903
Automation QA Lead,"Dallas, TX",Orpine Inc,https://www.careerbuilder.com/job/J2Y03H6F4DW14FN68G9?ipath=CRJR171,nothing found
Web UI Developer - Contract,"Seattle, WA",Atlantic Partners Co.,https://www.careerbuilder.com/job/J3R28W60CB4L5GQ95VR?ipath=CRJR172,Job ID: 20-00143
Test Analyst - Software Test Engineer [Instruments] – Manual Tester,"Norwood, MA",Greenlight Professional Services,https://www.careerbuilder.com/job/J3M8196K2L1Z2FCR6FN?ipath=CRJR173,Job ID: c54b0ebf
Back End Developer,"Minneapolis, MN",TALENT Software Services,https://www.careerbuilder.com/job/J3W87V74RJ21DHSJKJ4?ipath=CRJR174,Job ID: 20-00488
Front End Developer,"Minneapolis, MN",TALENT Software Services,https://www.careerbuilder.com/job/J3W1KL6ZM4RYM5D7XL6?ipath=CRJR175,Job ID: 20-00483
QA Engineer - Performance Testing,"Nashville, TN","International Solutions Group, Inc",https://www.careerbuilder.com/job/J3S279744QZKY0WF46F?ipath=CRJR176,Job ID: cfbf4e3affb5eb6b70ff62f3d5b00d6e
QA Analyst III (IT),"Southfield, MI",OpTech,https://www.careerbuilder.com/job/J3S1KF6MKFCXW6HZMMJ?ipath=CRJR177,Job ID: Optech_20432
Programmer 3,"Lansing, MI",OpTech,https://www.careerbuilder.com/job/J3M5NL6C4V7Q9S3V00M?ipath=CRJR178,Job ID: Optech_20437
Solutions Architect,"Boston, MA",The Computer Merchant Ltd,https://www.careerbuilder.com/job/J3W13V6FBG5H9Y8ZS61?ipath=CRJR179,Job ID: 20-00589
Mid-Level Business Systems Analyst,"Agoura Hills, CA","Talent & Acquisition, LLC-TN",https://www.careerbuilder.com/job/J3T74K5WVTC72FGD6TG?ipath=CRJR180,Job ID: 2712
Selenium Java CI/CD Developer,"Tampa, FL",Kforce Technology,https://www.careerbuilder.com/job/J3V6M36YYZJGCG9QP8D?ipath=CRJR181,Job ID: ITTVT1875976
Senior API Developer,"Madison, WI",Kforce Technology,https://www.careerbuilder.com/job/J3N63B6P7HX55R6LJZ7?ipath=CRJR182,Job ID: ITEQG1883117
Application Programmer,"Charlotte, NC",Genesis10,https://www.careerbuilder.com/job/J3R73S67R0TCJKW63BC?ipath=CRJR183,Job ID: 20-01673
Web Service Software Developer III,"Princeton, NJ",Kforce Technology,https://www.careerbuilder.com/job/J3S4FC6D9XCK1BT02BS?ipath=CRJR184,Job ID: ITAQG1882767
Data Engineer - fluent in Spanish,"East Palo Alto, CA",Experis,https://www.careerbuilder.com/job/J3P51M5VHKN1FQ87CVB?ipath=CRJR185,Job ID: FOX_11474130
Sr. Java Developer,"Clarksburg, MD",The Judge Group,https://www.careerbuilder.com/job/J3T01B6Q0TYKHN83SS9?ipath=CRJR186,Job ID: 655343
Associate Python Developer,"McLean, VA",ICONMA,https://www.careerbuilder.com/job/J2Y0BC6JT1KTPYZRQDC?ipath=CRJR187,Job ID: 20-03360
Business Solutions and Analytics Developer,"San Jose, CA",The Judge Group,https://www.careerbuilder.com/job/J3W15M6J1111QLTHTSH?ipath=CRJR188,Job ID: 651676
Application Developers from Securities/Trading environment,"Charlotte, NC",Advantage Resourcing,https://www.careerbuilder.com/job/J3R7NS6HR7L7VLB06DR?ipath=CRJR189,Job ID: 950003
Senior Java/J2EE (Angular) Developer,"Memphis, TN",Cook Systems,https://www.careerbuilder.com/job/J333PJ6FFHWS400DWSL?ipath=CRJR190,nothing found
Data Engineer - Contractor,"New York, NY",Ernst and Young LLP,https://www.careerbuilder.com/job/J4R07S67K4DVM7Q0MHC?ipath=CRJR191,Job ID: James
IOS Developer,"Dallas, TX",Collaborate Solutions Inc,https://www.careerbuilder.com/job/JCL6KF6YD8C5SJLMF4J?ipath=CRJR192,nothing found
Systems Engineer,"Columbus, OH",Kforce Technology,https://www.careerbuilder.com/job/J3R2QH6TV4C997N60C9?ipath=CRJR193,Job ID: ITEQG1882533
QA Automation Engineer - UFT,"Kansas City, MO",Kforce Technology,https://www.careerbuilder.com/job/J3P1N05W6P4481WNH05?ipath=CRJR194,Job ID: ITWQG1874445
Frontend Web Developer,"Austin, TX",Kforce Technology,https://www.careerbuilder.com/job/J3P38862FVM3LTB6Q31?ipath=CRJR195,Job ID: ITWQG1883124
Applications Systems Engineer 5,"St. Louis, MO",Kforce Technology,https://www.careerbuilder.com/job/J3R0YT5VXRZY3N0D89V?ipath=CRJR196,Job ID: ITTVT1882696
Quality Assurance Tech,"Seattle, WA",Kforce Technology,https://www.careerbuilder.com/job/J3V02N6CYQ44J6XD54Q?ipath=CRJR197,Job ID: ITTVT1882991
Software Developer - Mid-Level,"Lone Tree, CO",The Judge Group,https://www.careerbuilder.com/job/J3S40D6KSQQGKVXL70C?ipath=CRJR198,Job ID: 655960
Cloud Operations Engineer,"Richardson, TX",GDH,https://www.careerbuilder.com/job/J3W30473ZHWHXFHLMP6?ipath=CRJR199,Job ID: GDH_66924
Senior Full Stack Architect / Technical Lead,"San Diego, CA",Kforce Technology,https://www.careerbuilder.com/job/J3S09T6PBJSPTV4DZ4L?ipath=CRJR200,Job ID: ITWQG1883094
.NET,"Charlotte, NC",Apex Systems,https://www.careerbuilder.com/job/J3N27V7148TQTL3XDZT?ipath=CRJR201,Job ID: 1054361
Senior Application Developer-IL-9238,"Chicago, IL",Apex Systems,https://www.careerbuilder.com/job/J3T1ND6TFJ8XH4X0F1B?ipath=CRJR202,Job ID: 1054649
Applications Developer,"Tampa, FL","Fast Switch, Ltd.",https://www.careerbuilder.com/job/J3Q42972PYTCPNN51SG?ipath=CRJR203,Job ID: 55526
Oracle Fusion Developer Level 03,"Lower Manhattan, NY",Diskriter Inc.,https://www.careerbuilder.com/job/J302FM716TW1FLXLPF7?ipath=CRJR204,nothing found
Application Developer - Teradata,"Nashville, TN",Open Systems Technologies,https://www.careerbuilder.com/job/J3V8236M2ST2ZQ86G4V?ipath=CRJR205,Job ID: 131548
Java developer –Micro services,"Austin, TX","Next Generation Technology, Inc.",https://www.careerbuilder.com/job/J3W7NL674XHTG1SWZK1?ipath=CRJR206,Job ID: ZR_1052_JOB
Java Developer,"Washington, DC",Elite Technical,https://www.careerbuilder.com/job/J3Q23T5W1N0DHZZHVWC?ipath=CRJR207,Job ID: 9616
Oracle PL/SQL Developer,"Hartford, CT","International Solutions Group, Inc",https://www.careerbuilder.com/job/J3R1L95Z60KNKKS6WT3?ipath=CRJR208,Job ID: 6279963d78386b1fba1f436da228f3f4
Quality Engineer,"Minneapolis, MN",Spectraforce Technologies Inc,https://www.careerbuilder.com/job/J3N39B6VG7S1J1T321X?ipath=CRJR209,Job ID: ~TN~J312YF6QLGSPM795YHR
Frontend Full Stack Engineer,"Sunnyvale, CA",Apex Systems,https://www.careerbuilder.com/job/J3S4VJ6F986FSRCVB02?ipath=CRJR210,Job ID: 1043326
Quality Assurance/Tester,"McLean, VA",Apex Systems,https://www.careerbuilder.com/job/J3P3FR79S4M8DJRKHCC?ipath=CRJR211,Job ID: 1021831
QA Engineer - Automation / Web Services,"Boston, MA",Eliassen Group,https://www.careerbuilder.com/job/J3R1B078Q902P49J28G?ipath=CRJR212,Job ID: 334270
Full Stack Engineer,"Cary, NC",Eliassen Group,https://www.careerbuilder.com/job/J3V5KK6FQWW69K7KHVJ?ipath=CRJR213,Job ID: 334266
Software Engineer Senior,"Allen Park, MI","Fast Switch, Ltd.",https://www.careerbuilder.com/job/J3S1X46NRFJTMG2BKMB?ipath=CRJR214,Job ID: 55517
Site Reliability Engineer,"San Antonio, TX",Apex Systems,https://www.careerbuilder.com/job/J3W1JW6Y25KD7DQ136B?ipath=CRJR215,Job ID: 1054126
Web Developer,"Columbus, OH",Apex Systems,https://www.careerbuilder.com/job/J3M2L660788GL87JXD1?ipath=CRJR216,Job ID: 1053131
Oracle Systems Engineer,"Menomonee Falls, WI",Apex Systems,https://www.careerbuilder.com/job/J3P1VZ78PHQTQ92LYWX?ipath=CRJR217,Job ID: 1053998
Backend Engineer,"San Francisco, CA",Apex Systems,https://www.careerbuilder.com/job/J3V1ZB70P20C7V5Q1H6?ipath=CRJR218,Job ID: 1023332
Excel/VBA Developer,"Stamford, CT",Eliassen Group,https://www.careerbuilder.com/job/J3T50X6PY6Y348KMJ40?ipath=CRJR219,Job ID: 335300
Quality Assurance Specialist,"Summit, NJ",Townsend & Associates,https://www.careerbuilder.com/job/J3R2H676L3S87KNY9J7?ipath=CRJR220,Job ID: 20-00476
Site Reliability Engineer,"St. Louis, MO",Hunter Technical Resources,https://www.careerbuilder.com/job/J3M0LF78702Z03XTV78?ipath=CRJR221,Job ID: 5000520
Software Engineer,"Chantilly, VA",GeoLogics,https://www.careerbuilder.com/job/J3P0YZ6C4RZ1RW1PGGZ?ipath=CRJR222,Job ID: 9685
Mainframe Developer - Treasury Systems - CA No Sponsorship Available,"Coppell, TX","Mantek Solutions, Inc.",https://www.careerbuilder.com/job/J3P6BG6097ZBZ4L8R0N?ipath=CRJR223,Job ID: 6192
VDH SharePoint Software Developer,"Richmond, VA",TALENT Software Services,https://www.careerbuilder.com/job/J3M05W77PCG8YKWGF4K?ipath=CRJR224,Job ID: 20-00495
QUALITY ASSURANCE SPECIALIST,"Tempe, AZ","PEAK Technical Services, Inc.",https://www.careerbuilder.com/job/J3N3DP6PCVVT73SB9YV?ipath=CRJR225,Job ID: 85569
Embedded Software Engineer,"Indianapolis, IN",Insight Global,https://www.careerbuilder.com/job/J3R0386V8PH10X1SM2Y?ipath=CRJR226,Job ID: IND-369590
Selenium Java CI/CD Developer,"Wilmington, DE",Kforce Technology,https://www.careerbuilder.com/job/J3P4FS79R80Z37JY7GT?ipath=CRJR227,Job ID: ITTVT1875977
Middleware Developer,"Charlotte, NC",Genesis10,https://www.careerbuilder.com/job/J3M11T5WP4VHPG7G25Q?ipath=CRJR228,Job ID: 20-01355
Senior PL/SQL Developer for Mart Layer,"New York, NY",Kforce Technology,https://www.careerbuilder.com/job/J3N2WH6B24FDXLW0JSM?ipath=CRJR229,Job ID: ITAQG1882651
Technology Engineer (LDAP),"Reston, VA",ICONMA,https://www.careerbuilder.com/job/J2N5KQ6KJXMKTYG7S02?ipath=CRJR230,Job ID: 20-03325
Application development engineer,"San Jose, CA",The Judge Group,https://www.careerbuilder.com/job/J3Q04H6VV5J7JV842YQ?ipath=CRJR231,Job ID: 651877
Salesforce Developer - Senior,"Lone Tree, CO",The Judge Group,https://www.careerbuilder.com/job/J3N1WF74K9NLVW0H9YF?ipath=CRJR232,Job ID: 656011
Java Developer,"Charlotte, NC",Advantage Resourcing,https://www.careerbuilder.com/job/J3T20R74H6X8LW221VB?ipath=CRJR233,Job ID: 951901
Java Developer- Contractor,"Chicago, IL",Ernst and Young LLP,https://www.careerbuilder.com/job/JD65PS6JW8YS78VL3TD?ipath=CRJR234,Job ID: Kristine
Front End Developer,"Austin, TX",Kforce Technology,https://www.careerbuilder.com/job/J3N1H86M53B84N6MDCD?ipath=CRJR235,Job ID: ITWQG1863446
C++ Developer,"St. Petersburg, FL",Apex Systems,https://www.careerbuilder.com/job/J3N7F15XF1P6Z3V26S6?ipath=CRJR236,Job ID: 1049733
Sr Salesforce Developer,"Eden Prairie, MN",Apex Systems,https://www.careerbuilder.com/job/J3W0256KVHPCQ1TSGP9?ipath=CRJR237,Job ID: 1045391
Application Development Consultant (REMOTE),"Waukegan, IL","Fast Switch, Ltd.",https://www.careerbuilder.com/job/J3R4CK6VRDQQNXFTV5T?ipath=CRJR238,Job ID: 55524
JAVA Developer,"Grandview, IL","Next Generation Technology, Inc.",https://www.careerbuilder.com/job/J3M16M6VWJTLFYMVNFG?ipath=CRJR239,Job ID: ZR_1067_JOB
.NET Programmer,"Winchester, VA",Elite Technical,https://www.careerbuilder.com/job/J3N7XC6ZWK3KXV7Q9LF?ipath=CRJR240,Job ID: 9617
Data Engineer- Python,"Wilmington, DE","International Solutions Group, Inc",https://www.careerbuilder.com/job/J3S83S5YDKL6QNB9XMS?ipath=CRJR241,Job ID: 2e2499e8bdf9fb6593f0608d899ca009
Full Stack Java Developer,"Cary, NC",Eliassen Group,https://www.careerbuilder.com/job/J3M3NK6XRNPQKHDN2L2?ipath=CRJR242,Job ID: 334279
QA Tester,"Minneapolis, MN",Apex Systems,https://www.careerbuilder.com/job/J3M0Z1791M7GW2M9L3Y?ipath=CRJR243,Job ID: 1054460
Systems Engineer,"Arlington, VA",Apex Systems,https://www.careerbuilder.com/job/J3T8G765JFVFTTMGVYB?ipath=CRJR244,Job ID: 1044515
Site Reliability Engineer,"Alpharetta, GA",Hunter Technical Resources,https://www.careerbuilder.com/job/J3V3FF62MYDHPCSXZYT?ipath=CRJR245,Job ID: 5000333
Systems Engineer -Mid,"Silver Spring, MD",GeoLogics,https://www.careerbuilder.com/job/J3S6635Z5PDX3JW87TG?ipath=CRJR246,Job ID: 9684
JavaScript Developer,"New York, NY",Open Systems Technologies,https://www.careerbuilder.com/job/J3M53769SLW54BBQ47W?ipath=CRJR247,Job ID: 131970
Selenium Java CI/CD Developer,"Jacksonville, FL",Kforce Technology,https://www.careerbuilder.com/job/J3S3HJ6XH63VTTQ6BQJ?ipath=CRJR248,Job ID: ITTVT1867097
Sr. Big Data Engineer,"New York, NY",Kforce Technology,https://www.careerbuilder.com/job/J3S74J6ST2WC1L5SRQF?ipath=CRJR249,Job ID: ITAQG1866112
Java/Python Developer,"Philadelphia, PA",The Judge Group,https://www.careerbuilder.com/job/J3W1L16025GQ1RJJ4JH?ipath=CRJR250,Job ID: 651845
Sr Software Developer,"Dallas, TX",The Judge Group,https://www.careerbuilder.com/job/J3M0RR6G208J03N3X79?ipath=CRJR251,Job ID: 651657
Software Engineer,"Allen Park, MI",Advantage Resourcing,https://www.careerbuilder.com/job/J3T1TP63VG5K1FF3RMH?ipath=CRJR252,Job ID: 952081
Software Engineer,"Seattle, WA",ICONMA,https://www.careerbuilder.com/job/J2Z1V06YY4V0R3Y1F5J?ipath=CRJR253,Job ID: 20-03307
Core Java Developer,"Charlotte, NC",Apex Systems,https://www.careerbuilder.com/job/J3R5X36CVV9HC6FXC85?ipath=CRJR254,Job ID: 1045972
Sr Software Engineer (Full Stack Developer Atlanta),"Marietta, GA",Apex Systems,https://www.careerbuilder.com/job/J3M7WD6S3J4SWP61VSB?ipath=CRJR255,Job ID: 1041804
Software Engineer Practitioner,"Dearborn, MI","Fast Switch, Ltd.",https://www.careerbuilder.com/job/J3R0Q96S3SNMTLGF4G0?ipath=CRJR256,Job ID: 56543
Mobile Tester,"Blue Ash, OH",Apex Systems,https://www.careerbuilder.com/job/J3P8FN6727LM52T355W?ipath=CRJR257,Job ID: 1053867
Application Developer (Genesys),"Columbus, OH",Kforce Technology,https://www.careerbuilder.com/job/J3S5W36WBSZCNF2HMZ6?ipath=CRJR258,Job ID: ITEQG1882906
Senior Trade Application Support Engineer,"New York, NY",Kforce Technology,https://www.careerbuilder.com/job/J3W3YM64S4RBHRM94VX?ipath=CRJR259,Job ID: ITAQG1851700
Tableau Developer,"Lincolnshire, IL",The Judge Group,https://www.careerbuilder.com/job/J3S71F6HW33NCB9W4B1?ipath=CRJR260,Job ID: 651872
Database Engineer,"Reston, VA",Apex Systems,https://www.careerbuilder.com/job/J3W64B727074C9JJH9L?ipath=CRJR261,Job ID: 1018851
Senior Applications Developer,"Owings Mills, MD",Apex Systems,https://www.careerbuilder.com/job/J3Q02J6F19TBS9J28Z7?ipath=CRJR262,Job ID: 1054316
Technical Applications Lead,"Lansing, MI","Fast Switch, Ltd.",https://www.careerbuilder.com/job/J3T25C6LBQ2KCXN7HMM?ipath=CRJR263,Job ID: 55525
Energy Management Application Developer,"New York, NY",Kforce Technology,https://www.careerbuilder.com/job/J3V0KP6Y8G79MDVPQSG?ipath=CRJR264,Job ID: ITAQG1882674
Java Developer,"Aurora, CO",The Judge Group,https://www.careerbuilder.com/job/J3T66P5XLPHJBWZ3V1M?ipath=CRJR265,Job ID: 651772
Java Developer,"Norfolk, VA",Apex Systems,https://www.careerbuilder.com/job/J3M6BC6M6TH3WZMBDDL?ipath=CRJR266,Job ID: 1045329
SENIOR SOFTWARE DEVELOPER (CLIENT SIDE),"Fort Bragg, NC",Apex Systems,https://www.careerbuilder.com/job/J3N4L56S113KMBTWMS5?ipath=CRJR267,Job ID: 1046243
Progress Software Engineers,"Wilmington, DE",Kforce Technology,https://www.careerbuilder.com/job/J3W893694F8P3M3P5ST?ipath=CRJR268,Job ID: ITTVT1875991
Scala Developer,"Philadelphia, PA",The Judge Group,https://www.careerbuilder.com/job/J3V30D6N3DNNMS6LB47?ipath=CRJR269,Job ID: 651761
Integration Engineer – Java with ETL,"Austin, TX",Apex Systems,https://www.careerbuilder.com/job/J3M1WN6DD63ZPKCTMHS?ipath=CRJR270,Job ID: 1045854
Senior Software Engineer,"Seattle, WA",Apex Systems,https://www.careerbuilder.com/job/J3T4QS5ZFC996Q1C78L?ipath=CRJR271,Job ID: 1042266
Progress Software Engineers (Beginner to Lead),"Detroit, MI",Kforce Technology,https://www.careerbuilder.com/job/J3S45X68YQ3BVPGHT6V?ipath=CRJR272,Job ID: ITTVT1875992
Java/Kafka Developer,"Eden Prairie, MN",The Judge Group,https://www.careerbuilder.com/job/J3Q432758NKMRFMV7X5?ipath=CRJR273,Job ID: 651822
App Dev - Java - Guru,"Portland, ME",Apex Systems,https://www.careerbuilder.com/job/J3P6T16WNW2XMFGY6YT?ipath=CRJR274,Job ID: 1043199
Sr Software Engineer,"Eden Prairie, MN",Apex Systems,https://www.careerbuilder.com/job/J3M3JT6VCQYTG690YYF?ipath=CRJR275,Job ID: 973733
Java Kafka &/or Casandra Engineer,"Tampa, FL",Kforce Technology,https://www.careerbuilder.com/job/J3R46W5YYW72JY0F2GH?ipath=CRJR276,Job ID: ITTVT1875983
Performance Engineer,"Chicago, IL",The Judge Group,https://www.careerbuilder.com/job/J3W0N870VPXZ87XTP8Q?ipath=CRJR277,Job ID: 655879
ServiceNow Developer,"Columbus, OH",Apex Systems,https://www.careerbuilder.com/job/J3N0L25YXVJQGC04SHP?ipath=CRJR278,Job ID: 1029990
Java Kafka &/or Casandra Engineer,"Wilmington, DE",Kforce Technology,https://www.careerbuilder.com/job/J3P25Z5W8FXR09FMB4W?ipath=CRJR279,Job ID: ITTVT1875981
iOS Developer - Swift,"St. Louis, MO",The Judge Group,https://www.careerbuilder.com/job/J3V6L66Q6NCKY2C2VWV?ipath=CRJR280,Job ID: 655982
Android Developer,"Blue Ash, OH",Apex Systems,https://www.careerbuilder.com/job/J3T6DX6K02T7SWNK6CQ?ipath=CRJR281,Job ID: 1052405
Java Kafka &/or Casandra Engineer,"Jacksonville, FL",Kforce Technology,https://www.careerbuilder.com/job/J3N1X36XNK5G299RK93?ipath=CRJR282,Job ID: ITTVT1875982
Android Developer- Kotlin,"St. Louis, MO",The Judge Group,https://www.careerbuilder.com/job/J3P5D372FNBJXLSYX4K?ipath=CRJR283,Job ID: 655979
Android Engineer,"San Jose, CA",Apex Systems,https://www.careerbuilder.com/job/J3P3JK6TK96LKMQ6GT3?ipath=CRJR284,Job ID: 1054172
HP Tandem / Nonstop C Developer,"Wilmington, DE",Kforce Technology,https://www.careerbuilder.com/job/J3W1L76YSCGSVY261B6?ipath=CRJR285,Job ID: ITTVT1876010
Application Developer,"Long Beach, CA",The Judge Group,https://www.careerbuilder.com/job/J3S7M95X03VJ2DHC7KR?ipath=CRJR286,Job ID: 655974
Java Developer,"Raleigh, NC",Apex Systems,https://www.careerbuilder.com/job/J3P1P5778973KGNHK12?ipath=CRJR287,Job ID: 1054429
Pega PRPC Software Engineer,"Talleyville, DE",Kforce Technology,https://www.careerbuilder.com/job/J3Q6WQ6ZJX82JDLSBL7?ipath=CRJR288,Job ID: ITJPT1875990
Software Engineer (Embedded Linux),"Austin, TX",The Judge Group,https://www.careerbuilder.com/job/J3P57B6SH6FS047VX62?ipath=CRJR289,Job ID: 651833
SME 2 - Software Integrator,"North Charleston, SC",Apex Systems,https://www.careerbuilder.com/job/J3T7T36089V16ZT7Z35?ipath=CRJR290,Job ID: 1054246
SAS and SQL Applications Developer,"Talleyville, DE",Kforce Technology,https://www.careerbuilder.com/job/J3W4N164BZVNHH4V1BQ?ipath=CRJR291,Job ID: ITJPT1876001
Embedded Software Developer,"Cupertino, CA",The Judge Group,https://www.careerbuilder.com/job/J3M00Y749F2VPH4H4M1?ipath=CRJR292,Job ID: 651675
Tableau Developer,"Minneapolis, MN",Apex Systems,https://www.careerbuilder.com/job/J3R4JP765F7P2LMDSLR?ipath=CRJR293,Job ID: 1054442
QlikView-QlikSense / Tableau Developer w/Big Data,"Talleyville, DE",Kforce Technology,https://www.careerbuilder.com/job/J3S6Q86BRPJ8V4KLSFD?ipath=CRJR294,Job ID: ITTVT1875997
RPA Developer,"Addison, TX",The Judge Group,https://www.careerbuilder.com/job/J3M3JG6BV8SLTSRJ6GT?ipath=CRJR295,Job ID: 656048
Hadoop Developer,"Charlotte, NC",Apex Systems,https://www.careerbuilder.com/job/J3V2R573JM16SCBR5GX?ipath=CRJR296,Job ID: 1054522
HP Tandem / Nonstop C Developer,"Wilmington, DE",Kforce Technology,https://www.careerbuilder.com/job/J3Q67G76HVSST7Z4RQP?ipath=CRJR297,Job ID: ITTVT1876008
Middleware Engineer,"Omaha, NE",Apex Systems,https://www.careerbuilder.com/job/J3N10X6H1J8CXGMJT7Y?ipath=CRJR298,Job ID: 1052561
Production Support OO/Java L2 Engineer,"Talleyville, DE",Kforce Technology,https://www.careerbuilder.com/job/J3S6JJ6XLY6X0CSHZJL?ipath=CRJR299,Job ID: ITJPT1875989
COBOL Developer,"Strongsville, OH",Apex Systems,https://www.careerbuilder.com/job/J3P5V36B48X5D2PM7LK?ipath=CRJR300,Job ID: 1054019
Java Spark Engineer,"Talleyville, DE",Kforce Technology,https://www.careerbuilder.com/job/J3Q3186LLZ5NNLR8S26?ipath=CRJR301,Job ID: ITTVT1867098
Software Developer / Systems Engineer / DevOps Engineer,"King of Prussia, PA",Apex Systems,https://www.careerbuilder.com/job/J3M3GD60HBGP6ZQB0WD?ipath=CRJR302,Job ID: 1029319
Application Developer/Technical Lead,"Columbus, OH",Kforce Technology,https://www.careerbuilder.com/job/J3S2T070G16GVS4TQN7?ipath=CRJR303,Job ID: ITEQG1882905
Application Developer,"Columbus, OH",Kforce Technology,https://www.careerbuilder.com/job/J3T24J74S1J8Y9LPN5R?ipath=CRJR304,Job ID: ITEQG1882540
Integration Engineer,"New York, NY",Kforce Technology,https://www.careerbuilder.com/job/J3P4YC76G33HKSQ08Q5?ipath=CRJR305,Job ID: ITAQG1882471
Mobile Developer,"Boynton Beach, FL",Kforce Technology,https://www.careerbuilder.com/job/J3M7ZV6257GSV07RQTS?ipath=CRJR306,Job ID: ITEQG1882849
Salesforce Developer,"San Antonio, TX",Kforce Technology,https://www.careerbuilder.com/job/J3N1SZ65R1GLDGY1Y1Q?ipath=CRJR307,Job ID: ITWQG1860297
Integration Engineer,"Madison, WI",Kforce Technology,https://www.careerbuilder.com/job/J3S3256SJQ2L4B4FFXP?ipath=CRJR308,Job ID: ITEQG1883111
Solr Developer,"Feasterville-Trevose, PA",Kforce Technology,https://www.careerbuilder.com/job/J3V84Y66XDCJ51CL767?ipath=CRJR309,Job ID: ITAQG1881814
Java Developer,"Plano, TX",Kforce Technology,https://www.careerbuilder.com/job/J3W7PT74LGNR8W1R75L?ipath=CRJR310,Job ID: ITTVF1881123
Hyperion Developer,"Atlanta, GA",Kforce Technology,https://www.careerbuilder.com/job/J3R7RF61YK1XJC5Q0MX?ipath=CRJR311,Job ID: ITWQG1883006
Guidewire Developer - Policy,"Orlando, FL",Kforce Technology,https://www.careerbuilder.com/job/J3M8J46PVLR67CXGS68?ipath=CRJR312,Job ID: ITEQG1882503
Salesforce (Admin & Dev) Engineer,"Talleyville, DE",Kforce Technology,https://www.careerbuilder.com/job/J3R8GG69KW85VYDT296?ipath=CRJR313,Job ID: ITTVT1876000
Java Spring Web/MicroServices Developer,"Talleyville, DE",Kforce Technology,https://www.careerbuilder.com/job/J3Q0H96J74FZPJ0Y7MF?ipath=CRJR314,Job ID: ITTVT1875984
Z-Connect Mainframe / Cobol Engineer,"Talleyville, DE",Kforce Technology,https://www.careerbuilder.com/job/J3W8GD6W2J379F3FCW5?ipath=CRJR315,Job ID: ITTVT1876011
Java Spring Web/MicroServices Developer,"Tampa, FL",Kforce Technology,https://www.careerbuilder.com/job/J3Q3TW5WXM8HKDW7C7Z?ipath=CRJR316,Job ID: ITTVT1875987
System Engineer-Lawson,"Grand Rapids, MI",Kforce Technology,https://www.careerbuilder.com/job/J3Q0K574MNDXXJ4RQ97?ipath=CRJR317,Job ID: ITEQG1883030
PICK / Unidata Programmer,"Jacksonville, FL",Kforce Technology,https://www.careerbuilder.com/job/J3R5WF6ZP5XSMG5K4B0?ipath=CRJR318,Job ID: ITEQG1882907
Software Developer V,"Washington, DC",Kforce Technology,https://www.careerbuilder.com/job/J3V2R96WC8J3CGR4XFM?ipath=CRJR319,Job ID: ITAQG1882829
Software Developer,"Atlanta, GA",Kforce Technology,https://www.careerbuilder.com/job/J3R3ZV6QJGSGRWZTZ4F?ipath=CRJR320,Job ID: ITEQG1882758
Cloud Engineer,"Rose Valley, PA",Kforce Technology,https://www.careerbuilder.com/job/J3M6BX6162ZX6XLFSBG?ipath=CRJR321,Job ID: ITAQG1882675
Embedded Android Developer,"Southfield, MI",Kforce Technology,https://www.careerbuilder.com/job/J3V2HD70VQJDL34L0LQ?ipath=CRJR322,Job ID: ITEQG1882602
Database Developer,"Columbus, OH",Kforce Technology,https://www.careerbuilder.com/job/J3T0BR6432NL25KMZSW?ipath=CRJR323,Job ID: ITTVF1875831
