position,Company,Location,Date,link
.Net Developer,Epsilon Solutions,"Plano, TX",Just posted,https://www.indeed.com/company/Epsilonsolutions/jobs/Net-Developer-6b586ae5a6329421?fccid=611448172eb7f54a&vjs=3
.Net Fullstack Developer,Microsoft,"Redmond, WA",Just posted,https://www.indeed.com/company/S2S-SOFT/jobs/Net-Fullstack-Developer-0f0cc3545e1ddf50?fccid=dcb195c12aea8f05&vjs=3
.Net Developer,Aespatech LLC,"Miami, FL",Just posted,https://www.indeed.com/company/Aespatech-LLC/jobs/Net-Developer-589f0f33320daff7?fccid=ee4d0d0d059e2492&vjs=3
.Net Developer // FL,"Key Business Solutions, Inc.","Miami, FL",Just posted,"https://www.indeed.com/company/Key-Business-Solutions,-Inc./jobs/Net-Developer-80795160a5f52195?fccid=ded3d5dca58318b6&vjs=3"
.Net Developer,Nespon IT Services,"Everett, WA",Just posted,https://www.indeed.com/company/Nespon-IT-Services/jobs/Net-Developer-b7366eefd9d1d03b?fccid=a913cc7a16012b8a&vjs=3
Dot Net Developer,Simplex Info Systems Inc.,"Lenexa, KS",Just posted,https://www.indeed.com/company/Simplex-Info-Systems-Inc./jobs/Dot-Net-Developer-22e25dabafe74a2d?fccid=35878bf37de8a1c0&vjs=3
Senior .Net Developer,Cloud BI Solutions Inc,"Bessemer, AL",Just posted,https://www.indeed.com/company/Cloud-ERP-Solutions/jobs/Senior-Net-Developer-ce94ca6d2436f3b9?fccid=fda4e385161b2fbe&vjs=3
Full Stack Developer ( .Net Developer),Kanini Software Solutions,"Princeton, NJ",Just posted,https://www.indeed.com/company/Kanini-Software-Solutions/jobs/Full-Stack-Developer-6e286f7bcbb271c1?fccid=651474d8ea07609e&vjs=3
Dot Net Developer,Sagebeans,"Bellevue, WA",Just posted,https://www.indeed.com/company/Sagebeans/jobs/Dot-Net-Developer-2c98888aa1fca23a?fccid=1be86199e0a048a0&vjs=3
VB .NET Developer,ASAP Solutions,"Mahwah, NJ",Just posted,https://www.indeed.com/rc/clk?jk=693444ec676cdf3f&fccid=b868f07d84101767&vjs=3
Senior .Net Developer,Cloud BI Solutions Inc,"Bessemer, AL",Just posted,https://www.indeed.com/pagead/clk?mo=r&ad=-6NYlbfkN0BMIN3HEcUZTqbXVKbAL8CAmcZgtvIRxtbTU3KNsohUnfbOZuNfnMR9JkTvwAP5zA78RKbwqSjfnoHnAc7SLHnY6_HLohHyQajhE6u-7azDqUMKKulyECQaOQ3DwwuXOdNFwyTnv_WFgppfpzuGCgYaolSziUOKk_bDP4mjEkAn8SzMecKJupOLVRkKbk3Kx9-Ubkj4SyVo7dK10lJgh0fUE_71M95QXyoDmsDtjFPs0KFI3PZi1wqmdHOJgVwSitN5IjxgXLjjyPPZ4nLAg6ZafsvEcxx6p-nlrnG9TnqMw6r5e0M_YJKKMmN2-KJD4mmfHsO51bQ5DRuCqKicwh1Q1a5BRZiCiY6y8fZ5PAXw5BxTX-Ea_0i9k-Qv-S7GtRlJkQpejHAJIWARzYUwjjKwizEM1Gv0XbYKMRat1LGegNndTbFk7fkQ-QLWMOoGca8ZqreP9v2zQQ==&p=10&fvj=1&vjs=3
.Net Developer,Addison Group,"Alexandria, VA",Today,https://www.indeed.com/pagead/clk?mo=r&ad=-6NYlbfkN0D2ZZJrNSLWkuWgkN28CDhWSNpZr-3qYw3O0res6wDGcWH1zBsd6yDOo7bxc9cHPcSpQI-if3eAdAiBKNVohKT7y62euXUQZZHxfGNeKwLuTDv3DMCn18nIlBWTHkfb7TXTgNEnbEhq4x-HFS5LxvFRhJLTnB_v2LjS4aEdDJaq01LGlhUTwOUnW-KrLTFE7lTMo4mXQQ_BOuapdPlI7o2mHeaYPrn1CSDYt1wnPJ3SHjpeoSSZVXwSsUKAvB7bZ53TuxN_nVieLpgLioR34rNAYLL59qj5aXtfLO34hO5TWIk9zyK0A265KbDOX0fXsyyMOl9xjboFl7R8zjFdlJrDS7wrMSKvqbo6eHcrlnz1tQ2dAxSCWzE7DsAtOB3ZDkvP1SbTntaRR5SRCquLyJiHDg1Q3YDsU11_QtWqs9Uf_rZkWLHozIjG6Vh1eW2NR-5P8gVyamJJgLNjgEMx9NQ1YwkRBK1ojP7eQHUZ6BGXUSO-_jLeYj7JxJQf7Rwz1PFkwBAKOIAHkAu6Mwz1MSbHKiDjC-N9IvE=&p=11&fvj=0&vjs=3
.NET Developer (9077),Myticas Consulting,"Houston, TX",1 day ago,https://www.indeed.com/pagead/clk?mo=r&ad=-6NYlbfkN0Bt274jo0r_e0cCCqhskoQvohXG3bfDAo8rIdE-Msu3yuVfyF2oiDFKHFOU-vxVulBQSulkdCX2H7nS2mU677EQxhVbTEblMXzk9Q6wdMRH5jMhgtmMho6kBeG792flzHD7UfLKbE0-gdIKB01HMbnw5QjDQalgV5HlpmLZsTHrivLalknKFKESemcx24NEMPy93JozxzN1PFRXnXCxyZAubJavu8EcBDFP_MKMIugQCtK840X2r4PCFOllUpaoMDSfHCk9qCCXgE9cIzwhajtWGTmC0ItxFjJ0D--3Ih4BQ50WUmHEwkCw_C7IAlNFn972lmpFlyNNa1mGbEhMAg42nXCm74g8bAklcMIm43ywMbtUgwgHPOGve5suLJ6BBvyeWF-yTbYEfDEAduaLt2O9qRWEKPFmgj2wVweU-dFYnFsbTQmcIx2O_hiC9dZ9Qk4=&p=12&fvj=0&vjs=3
Mobile App Developer,"Adil Business Systems, Inc.","New York, NY",Just posted,https://www.indeed.com/pagead/clk?mo=r&ad=-6NYlbfkN0ALJ8-BgTMq8Aq73shKeY4PE6BPURZg6DHZNdKer2lE6npOpRHJfSdxGOk5ME_WyD0zoOC8CJmkHbzstLHGkk8GOY4R8So1ZV08fX4FDUleOf4Gt1RIdz2R9TVcSQZPOI8AsVWtzejebDSJBABE4ohnhA1N4B70bJf9T24h8r9f7wQ4zS_GKytQThOW51DUvoi9ubKOMLNfPc9Uz5iSEnm77U_tk-8Fha8iBXwoeLG1Ib0rtLfCIcQYbre4wTSlEPOZwNOleXHHU6D68krIZJqZETmXqkggVIFCUrRSB9d_wAhvuYvFxhe8ckV6UqzP-8yFWrxF-FpSu_eC_oWhuwYftcXsdMlQN_FTTB20bEdLflpnYcsqtKCEi-NpHf5lIUQ0oLpe5wi4tU7pMZ_6Pt9I3R-RdnCOcn-oQl4g4wus1iIMvejKsWBboBJ4iym3dfQ1i1_X3MH56ICB6pAkLHxV&p=13&fvj=1&vjs=3
Front End Developer,Epitec,"Boca Raton, FL",Just posted,https://www.indeed.com/pagead/clk?mo=r&ad=-6NYlbfkN0CyNeFrwqrtQGST5Whkqg-440fCBhMyCDYwKINpdzcRUCMgW7Ak-c_RKpR4bKz4YRguQ4lOO8FxS31ODaK2v8GSfswVCeA9mOfOlgmcftkXgwD8NcYJfYKOLr203DIbciVHIDUJAoZSZBK-BB3hrA85O89KeRlBcrfqG_BDxY0dtCEJlhexKyGLaWNptVRf8olaNRfIxyCVfV3Kt5lfULfw73YAJ3uqbBY4cp6dfO97UnWaTktF3eSSmCGNMR1OUq61AyE70Pt7ZpSTedoYJTuVX6HXm5Pf_EeJP8dvb8A1kusVMbUYIihWCwTfPdRR2J0TQRQH39_MzzMBwIJTSYD1fdedF7jlNMxJUef_Ik1CQri_DgTwInkgdw3LkDiCaSt38aDKu20R5SrgBteUzQktNdBzGXDYpfTXruLAC6lAxd5cQGvLWP0NuN10-pICKkSJa07HXRb4fg==&p=14&fvj=1&vjs=3
Dynamics 365/CRM Developer,TetraCloud Solutions Corp,"Atlanta, GA",1 day ago,https://www.indeed.com/pagead/clk?mo=r&ad=-6NYlbfkN0AehsUXeATYU6uvjCQHxWDbUO8JpXTu0s0llQ1WpLJARWFidhFpLPtKBwhmvKPPFXruQylcmEpi0UZxRWlycmom_eJ-MaiMIcvfJDEB5VkZhDBM14WyB463FQwaSEbw1-nsj5KYjylGVQacyjzUvXVCCHudCL8MuNmIrbBYvaicpcHG-3dgqoOAPf2xzZnFDvoRf0EgQDtbsSAQA8yUIJcXntAbzxsgTeFCE2dvydKy9nifK4XJiJedttyC0ZdfRllWKQ1RNWTgZJ9hvfcHWVUmnAnVoiicfIsjZ3iDmNd3IVR3QU7qxhy-us2JDVJkWOUKxGdnsn4KZhhH6fmAbV7uDf1TjAswiUkxNeyvjmfieHq_WPk_SJPs3t26iFKtRYd7GAw_PXiyqXtHi1tRKqpD8aIlTxSTduzSfIPisK3kNu6nH9FPrJhrPmb2q5d1DzYql3oDB31_zA==&p=15&fvj=1&vjs=3
Full Stack Developer (.Net/Angular) (W-5045),Myticas Consulting,"Coppell, TX",Just posted,https://www.indeed.com/pagead/clk?mo=r&ad=-6NYlbfkN0Bt274jo0r_e0cCCqhskoQvohXG3bfDAo8rIdE-Msu3yuVfyF2oiDFKHFOU-vxVulDob2KhPKt-zK5PQaxBoWVo_Jf5B5jyxOCVuFuDkQuVsgEMZgzdt3jZOcNNvPFbB1enrEcp8wtOjTOJNJ1ckFWro8uXE5F47HfK1OeSACVGH7GXKbMLo7BLgb0Fiu-CZIWZm2MYFIsjFS_2qNkfpuwyFgz0gfHRHm7Ge_ryIVsDwm6y-rnO5D8uuRTBtkHUX3qWra8iVjkbqNBLrnyqiFL5ihg-2xEWvCsUrdsN7BmP-L0xPYH_99WrN5vvP8q9D6-1fpiMpXhZNM5r3R2vO1Ej6k411x3z-phZtADBhhIG141an8efJF36ymbHnzQoZvCn2IAPdTWkwqBL1Hd3zftes7iTnDG-LcfVbbkxmWXR1jkjg0XQBHwzahaPlWDdolQoJ37Ke3RyCA==&p=16&fvj=0&vjs=3
Senior .Net Developer,Cloud BI Solutions Inc,"Bessemer, AL",Just posted,https://www.indeed.com/pagead/clk?mo=r&ad=-6NYlbfkN0BMIN3HEcUZTqbXVKbAL8CAmcZgtvIRxtbTU3KNsohUnfbOZuNfnMR9JkTvwAP5zA78RKbwqSjfnoHnAc7SLHnY6_HLohHyQajhE6u-7azDqUMKKulyECQaOQ3DwwuXOdNFwyTnv_WFgppfpzuGCgYaolSziUOKk_bDP4mjEkAn8SzMecKJupOLedljIVp6PSjwJjs7LKqDTBeVT-X7dkIlIfilOtFRu4WfAUttZ9Jl8pXrOxaQ3cCOUeO7rNacLLdm3FZN7rekIaLEcOYoKyzv4CMGzfScj8rlTOPN3FgMLZfV1GOWIm_deYcwbzhQBrKXJ40c9SjVabTkMcGyNUW3lmiRVu_vcTIyYa-na2X4ierBF2lXpIvoMCYTdyh0_YqdLVOdpC8BSAPVSyI4zX2F9dzRjbblfcvDKBd1pNSH4HtuYafIDR3rT5_-4NP11-m39qF07TRPHQ==&p=0&fvj=1&vjs=3
Full Stack Developer ( .Net Developer),Kanini Software Solutions,"Princeton, NJ",Just posted,https://www.indeed.com/pagead/clk?mo=r&ad=-6NYlbfkN0COpdIKQqSGdXJbne1jxdB1qoPCfRvVCUtLKvRmqxw5GVFJjJOQdRFrrMYSHz-KhGntu6BrR5EN8YoWLUy8QS0eOU6r--a5Q03np2YSyYkZROi93KavNdB0ecwUmHasZytRa02DLUjDZazy0H-IxPp3pQO_HY_EuGdA7tSbDSq4zYO63alYq6flouW2HUcmtwbySjz4-g333zleY0uwlUwmsGZYFboCcDc6NvP3-9O6ImAg6324Y7mZfTi61V2Cf13ixEFw-OnpP9HQSf6axAg8BXQpEsvZfZtf-CqlVoA_FaRAZUz8IiIBKK7omY2Dq8SczS_gQ-a7Ew2p2OiSyXvkCYHcKr9JDzGRPHYrXf6bqmS0jlMcRfeTkn26ejfeDKAC9xiIfDK-YyRs-IgKj9f9FOVkchiwCkw4ICdSCxH7uBdmjzFab5GPq1wZhegLHPk=&p=1&fvj=1&vjs=3
Principal Software Developer,"Apollo Professional Solutions, Inc","Richardson, TX",Today,https://www.indeed.com/pagead/clk?mo=r&ad=-6NYlbfkN0CAhuD5_VJSGKds9a5niLzxiWOcN_E6D1JakCGF8i00d28sSgtQnbmoHCQGv5hWN83--EU2W-lVd8SZzOGkCuvJlbb1HjS37jwjXuGVQNZNLV1DzP2WWWnYi5m1VRZOHhuXotIhC7L8u0u2vZjp7Fve1qAavpLBJnTHoeYb5aN96nRmLilvWTCanQN08ocRVjU44lJGj_LQCUhf2GBvid59g0PpzAxe0Vw_BcxEgxLWjLI4oKZo1ScUrdlA46yJV8XPgEqGXfao_H_UTHEktrF-jx3EY1zimrgYbfJuITDx21QhhyCGCPGPF_GnfgEF0mzKDo2PYl6KgM7orJgenEaEcndJjdw5XJmhevYzoe7Sw7wlEkMbwY_0HcmtkG3RULq4D-1Dg39IsMZnp4PtL6Mn7uqqq7PIotyVitECIvagE65BO0U0SL39UQUO5AlpD8I15UCGUn8uS1Fzl6T6gLr7BdqW2a1GYqYH5xXOHTXpfA==&p=2&fvj=1&vjs=3
Full Stack Developer (.Net/Angular) (W-5045),Myticas Consulting,"Coppell, TX",Just posted,https://www.indeed.com/pagead/clk?mo=r&ad=-6NYlbfkN0Bt274jo0r_e0cCCqhskoQvohXG3bfDAo8rIdE-Msu3yuVfyF2oiDFKHFOU-vxVulDob2KhPKt-zK5PQaxBoWVo_Jf5B5jyxOCVuFuDkQuVsgEMZgzdt3jZOcNNvPFbB1enrEcp8wtOjTOJNJ1ckFWro8uXE5F47HfK1OeSACVGH2ydVBw88CSWWHwYgXPYCBkKdhF2u_NqYv83MmjXv5addQ4ogX7ZKzIcHEpHMpYwJDOhkEo3NemxFbXdg9pNiwI99vLYajNpleRRgvYtakhyL6mEBL8tRDpx5aUJMTQcngOeQd9bRgddZT-oZlfjnuaCsmc4euJ9RKy1q9YihdDySOi6FHArM9Nhfenm74ibcit8oYaoA3StHh4ZXI9-xi9t4ASjMwyjK82Dv0ySOeb21bi5kZd1eDXnMvXtixapuuWjZgIRdE5wZDE2O74lLxokxWRP2BQa1Q==&p=3&fvj=0&vjs=3
Front End Developer,Epitec,"Boca Raton, FL",Just posted,https://www.indeed.com/pagead/clk?mo=r&ad=-6NYlbfkN0CyNeFrwqrtQGST5Whkqg-440fCBhMyCDYwKINpdzcRUCMgW7Ak-c_RKpR4bKz4YRguQ4lOO8FxS31ODaK2v8GSfswVCeA9mOfOlgmcftkXgwD8NcYJfYKOLr203DIbciVHIDUJAoZSZBK-BB3hrA85O89KeRlBcrfqG_BDxY0dtCEJlhexKyGL_oR22waesWBiv3ZF_TGSj4k6WegrlgXt8oXoN0yMfW_c6_UMNLcBikOYOSYpp4RqPdEBXCseUBLygDguQS-6oxlJe_J2jvrXejXcNE8mK7-DtDskaaxYN5NAP0Ha-MQTkCu0KevB_MWpjPDyNAsv70EdNYPUY_Nodutmc49KnqcHGHzPxEtYyqp_VDBlb6RNjuW1ldTvXjNcEXjxWuzcP_oGMb7jnL5lA3tY-mtmKxSuUXBP4GOTiJX0DSHb5jHpsf7izswRISAdAMlYY28FTQ==&p=4&fvj=1&vjs=3
.NET Developer (9077),Myticas Consulting,"Houston, TX",1 day ago,https://www.indeed.com/pagead/clk?mo=r&ad=-6NYlbfkN0Bt274jo0r_e0cCCqhskoQvohXG3bfDAo8rIdE-Msu3yuVfyF2oiDFKHFOU-vxVulBQSulkdCX2H7nS2mU677EQxhVbTEblMXzk9Q6wdMRH5jMhgtmMho6kBeG792flzHD7UfLKbE0-gdIKB01HMbnw5QjDQalgV5HlpmLZsTHriicEAvY4VxzbxISqo6WcgXczaa-SzJ6GjUG59zvmpj2swkN48_oOKooQLbPI9rUmiYmhqcfYqMaXaLv_BhzdQBiy3QTd7f5Lz9Cdbo2m2iLPteOrsrZXtTcF0QMLjswvjChVPWOPDVfYOKNOVcMfAMjAIqtH37sOaZE_Pz2SkJZjMk00Vl4zMfOxXxcfmfwDn-8Qb2xfBnTtCF9WL40_UhCzpdHv54fQuGg8UsxGdrsrLjHy8ynscqOSAhT9r4DHI4BYV9dO0UkyN4HjUnyfEoc=&p=5&fvj=0&vjs=3
Application Support Analyst/Deployment,Central Point Partners,"Columbus, OH",Just posted,https://www.indeed.com/pagead/clk?mo=r&ad=-6NYlbfkN0C7S9erXqx7onWRBVnfrkvHoJft5r7GnmLgqRoqw23W0SZ1WD3W_d9En3Dt35tYnGb-ADkECeXjJu00-IiNeTDkvDx0JbhjGuX-zadvc40ESqFntcvfLKnq6u8k9SdGWjh0ZJOkegvVTDjMzfzVER8bMvK3KH2s7Gji0h4rUcaaH3NaehUb8SZPJX0YSJHYYmiI30CiZxivebszWHb5YmNbDneiRx1aWmG20bdzZreHZzpZ6PKbuagyK_NPuyD0bcWIJhS3eO4pBpvIlzdYGNAkV_N-Zq0wBO2nrQT3gswud7cw1x-2if3eqDHe8bEeXn43OLVTdPrO7veOvPK8qCLLZTB7RM_rbLl3vGJxsntnuF-ROm2VCSsvGbqXcUtSFHpBuSg_fxePr3oNRn7rpULRQ9CLP73sGbHF6GOFeL4dxZvcEpZT6FAu0O_58LLkqcDu_gkbk48SEzCNDgQPJw2Untl3zF0YPpg4yaqex1vYphv_tXcQrsyH&p=6&fvj=1&vjs=3
Full Stack C#.NET Developer (W-7666),Myticas Consulting,"Madison, WI",1 day ago,https://www.indeed.com/pagead/clk?mo=r&ad=-6NYlbfkN0Bt274jo0r_e0cCCqhskoQvohXG3bfDAo8rIdE-Msu3yuVfyF2oiDFKHFOU-vxVulBQSulkdCX2H037KhKcueAojGFUagLHTSPFd1iAlqcc07VjprNOate8LgJqh7a6K9vzYunXnraffhCQVeKNOiG7C2wXrMoRUnGSS8zfZthcS3_RYY770mTPq7lPdr0OF8eXIUN2ffv1J6-vqcI_ARaSscHZv27hTe2JFi4KbRXts0bGpWN1KXMjKCF1mxyPIv_Q7I290v0fWBzWEZ9OBKPSY4Wp6IV7mMi9J36bf2XF3HDQ0NoPeLWWpKbvv49iEf4XrPQ-f0tqTgclmtE2U4Z6N897vB1g6ATtiogQPnoXkoO16KDXxzTzWDKscw3_ZmO8KvrRYj4CaAvg15lkYzegiSCLUy2QzNM23Legn8_a7GGtcXdaqzRzubb--5JLR6GMc90RWW2UEA==&p=7&fvj=0&vjs=3
VB .NET Developer,ASAP Solutions,"Mahwah, NJ",Just posted,https://www.indeed.com/rc/clk?jk=693444ec676cdf3f&fccid=b868f07d84101767&vjs=3
MSCRM Portal Developer,Tanisha Systems Inc.,"Dallas, TX",Just posted,https://www.indeed.com/company/Tanisha-Systems-Inc/jobs/Mscrm-Portal-Developer-677ab21bcf99d1be?fccid=9c4171181b7ea71f&vjs=3
.Net Developer,Sharpedge,"New York, NY",Just posted,https://www.indeed.com/company/Sharpedge/jobs/Net-Developer-f76655b587f307ab?fccid=7636862634a354d1&vjs=3
Senior .Net Developer,HireX Corporation,"Maryland Heights, MO",Just posted,https://www.indeed.com/company/HireX-Corporation/jobs/Senior-Net-Developer-ca913f995e2ee3e8?fccid=09b5d9e1d28df18a&vjs=3
.Net Developer,NN Tech,"Richmond, VA",Just posted,https://www.indeed.com/company/NN-Tech/jobs/Net-Developer-596973919a8c1474?fccid=907d8f41df56236a&vjs=3
.NET DEVELOPER,DAtec,"Reston, VA",Just posted,https://www.indeed.com/company/Need-company-name/jobs/Net-Developer-d4868de112989424?fccid=00305de534b0c5a5&vjs=3
RPA Developer,Activesoft.Inc,"Washington, DC",Just posted,https://www.indeed.com/company/Activesoft.Inc/jobs/Rpa-Developer-36530b3061c51267?fccid=fff9427af6f5e055&vjs=3
Senior .Net Developer,UCARE,"New York, NY",Just posted,https://www.indeed.com/company/UCARE/jobs/Senior-Net-Developer-90fcea88778ae3f5?fccid=c5b713f604ff2876&vjs=3
FSP Developer 3,RPD Systems,"Austin, TX",Just posted,https://www.indeed.com/company/Rpd-Systems/jobs/Fsp-Developer-d261cba798e3b2c4?fccid=4031c33d9cdaf828&vjs=3
"Looking for .Net Developer with FACETS at Raleigh, NC",Mythri Consulting LLC,"Raleigh, NC",Just posted,https://www.indeed.com/company/Mythri-Consulting-LLC/jobs/Net-Developer-Facet-At-e3558347075ad978?fccid=0e199958e3773111&vjs=3
AngularJS or React JS or .Net Developer - Multiple Position for Walmart,vk technology,"Bentonville, AR",Today,https://www.indeed.com/pagead/clk?mo=r&ad=-6NYlbfkN0D13rFVpn1qzBAHDYjQ8Bl8ZefILibnTZYaSRGbVv677s7MvOsY2N6dLd9Xx9IeOjk5v-yOvAktpSS8r8nj8agrPz7CGsxeE6EQp_SrTwxM8ukumZk9dtnXP91P3UfC5oyvssOo39uq6fi07SxFiWKbgyFhF9U9FI8m9vuvaLF9PbKhiBfUp_iGO99_g9Gawbc8yASIecwldnVvHSJxjHXUeXn9HT-igrbdta4mdjBXV-VTimxe-d-TxtS6xEeOfs3G2dzypVRvnW2vW9EkcRXWq0WwqE83CZxlCudX8v0iBmbhpcRlzMHWvHUHN8h2t27OM1XoiUxuFJbyy3LitnX0jyOQ0_DKLq7okvTIlbkQE07ELP8PoI4SRSDUZCEKoNQNrOHo4CIF4eFjgE1MqpHPGW1Qj1GDPfoCE2_5yBSEvzu14-uLPnEF0wCVMwFvx2ACJDFLwuDbzMidqiDl074WmsoZPSi_5qQ3RBaUbvA1pymXPC3xoLRuSxOrzFc8NSc=&p=0&fvj=1&vjs=3
Senior .Net Developer,Cloud BI Solutions Inc,"Bessemer, AL",Just posted,https://www.indeed.com/pagead/clk?mo=r&ad=-6NYlbfkN0BMIN3HEcUZTqbXVKbAL8CAmcZgtvIRxtbTU3KNsohUnfbOZuNfnMR9JkTvwAP5zA78RKbwqSjfnoHnAc7SLHnY6_HLohHyQajhE6u-7azDqUMKKulyECQaOQ3DwwuXOdNFwyTnv_WFgppfpzuGCgYaolSziUOKk_bDP4mjEkAn8SzMecKJupOLLn0ys-i1m3PFdHgH0d2cOcLISbYrA4iAHYl3Fv5xS-0uG1aUin4VmGUdzPz4c1XFse8X-MzvqR7ABexaTRAKzoM-0KAta7RMkdfO5Kk6cqWUvx9lSuuLUJcvLpPu7PTKNA6ydKfKqJrIG0OYEB2D1xQplwEr84k4vwnckvHrUTe0HGqIHXDubOV70dqrlmlJlWNYkPeTXpr03NCZjBCm5sUaXq0LDTdhPEzrsqpjNw5CEoyoSx37IPrWrGUSr0il2fLgnEK9xCTOn75QA4ysUw==&p=1&fvj=1&vjs=3
Full Stack Developer (.Net/Angular) (W-5045),Myticas Consulting,"Coppell, TX",Just posted,https://www.indeed.com/pagead/clk?mo=r&ad=-6NYlbfkN0Bt274jo0r_e0cCCqhskoQvohXG3bfDAo8rIdE-Msu3yuVfyF2oiDFKHFOU-vxVulDob2KhPKt-zK5PQaxBoWVo_Jf5B5jyxOCVuFuDkQuVsgEMZgzdt3jZOcNNvPFbB1enrEcp8wtOjTOJNJ1ckFWro8uXE5F47HfK1OeSACVGH1ljIvXLYmHN5FbTALIcwJm-PLJ49F0LvN2EQiNNMgyPO54ArB1tqm-amlznVmplXD7kTbh2x2yFvATvvXbwwUzwtxlMnRiDPrSrtE2UZbMtyWv8gAaq40GzmDQkTPo0hugmyP-Ua4dmXcPqw--iCuJSAzPUsr4J-IeH8lG5UEeP12wGEA9uJhUzlzWqZ7GIrTXFHveoO43Zq4pLnszeCZtuT93KcDiAu0czqrlt-rOuRK1NER2NUyZ-TSCnMhS6D0QJjydFAEOOl_ZA59QsetOWDklw-xliHw==&p=2&fvj=0&vjs=3
Front End Developer,Epitec,"Boca Raton, FL",Just posted,https://www.indeed.com/pagead/clk?mo=r&ad=-6NYlbfkN0CyNeFrwqrtQGST5Whkqg-440fCBhMyCDYwKINpdzcRUCMgW7Ak-c_RKpR4bKz4YRguQ4lOO8FxS31ODaK2v8GSfswVCeA9mOfOlgmcftkXgwD8NcYJfYKOLr203DIbciVHIDUJAoZSZBK-BB3hrA85O89KeRlBcrfqG_BDxY0dtCEJlhexKyGLXf6N4xF1kxtifarSu-CmRFwm1kjr27MUMTadoNNEVxDNekYAZawp_DmrLnwzwQDOfrZ8Vu9pXWWnhnILwjmYZG5rqSqjBoE8oWP8tpYPiFcmIkA59V3GmBDWfWIOlGd0pBxlBJNxEXOQ2y_VzsQBb5OuQ4q-L7IXRctwUaljIVVJrWAbXE0c4Ln34Q7uMi7vOD58VI8Zy7HojrFpEZ1wXuXZiHLkSOH2QLyI7hOLt2l6jdv5fcnNWH_pkpIM6HRkFXtIE3VdbRHlIrEC3YLnLg==&p=3&fvj=1&vjs=3
"Software Developer (ASP.Net, C#)",AEG Consulting,"Columbia, SC",Today,https://www.indeed.com/pagead/clk?mo=r&ad=-6NYlbfkN0BL7ZyI5EeCUk9KYHeHSFh9fe0ESCf7W-WLJzikbCfLqe_ni7zsCJQDY5o9ZDC0QSEMMmKSVz2ArGn_CtP7m3ZCE3RJ_PHxyPE4In9JKqpFmgx0T-8GB0UAbpfpxdiR3eIXS6we73wJrHUnwF_aH91Xs-DtlmX5MLv7-4zmMsiQus7FFkTn4jB_OU-CwS8XU7seHiQ5uqCLlaeAcmN2j3x7vdHkpNyjyjDHWn8TlwKi8QiZ6YFnTcflpNFbO7y4HcFLNndxyn3fxQsBesQ8R_5NqJW5MR-GioVZ8uOv1-5Zck_hjaRBtYWcpG5ZaflLrSF-DIPTSmPCAO1oL704bIu2HUQzWOY6-w4kYrgPlYy4ssVGTLuwR8hrIA5_NWs1KEzSBKnE0rs0rLTui0eSAMR5TE_9L-ebj9QfZpPDgfF3u7qoTtXV8odpVRRl17CCoexx9VgyZXLcuA==&p=4&fvj=1&vjs=3
Senior .Net Developer,Thomas-Matthew Associates,"Langhorne, PA",1 day ago,https://www.indeed.com/pagead/clk?mo=r&ad=-6NYlbfkN0AsrgAC8JlMmX8PZ3bXytOjFa_IeAqju9XjRP5vIDW_VItVfQVmz-50b1CMqLnpRDHJ_B5lnI9kSlfUK9_tFBDV4hr9jVXwQ9QsHRQF6jE9jL87_D8qu5CxEXlB5DpfFOZ3vHW_EZwbHKjB-PjfIJ2Ynr1PFEbIDHVn_riONqpNb8osRNau_Bqa2giDfdhGQJhvJm4snsbRlDQzDkOKWGJyEfcfvK-A-HkEGZajBa2gkralQbMMHBSBRFi0GY2YjRAZwdveT3lYsp1Dn1b1kbwnDx6geEOOPrSx-rCmXtBm7R0ABhUpkiWoZtzbsK2_nIEuqKxM4D8OgBw1R1uDX48klZF7rJyfruCOdFODljIBdcFuDQEpNhK-0lNXJSXk0ivhrfQIbi-F9QYfkzwcRsruN2CWjX46XMBwo-qpFzq52PPp3KTir4rJALDnw4H6HSvKtRN875E5MA==&p=5&fvj=1&vjs=3
Full Stack Web Developer,Systems Limited,"Melbourne, FL",Just posted,https://www.indeed.com/company/Systems-Limited/jobs/Full-Stack-Web-Developer-bd4189be6a3b6b7d?fccid=513d00e337655aaf&vjs=3
Software Developer (.NET experience),Precision Management Solutions,"Baltimore, MD",Just posted,https://www.indeed.com/company/Precision-Management-Solutions/jobs/Software-Developer-803f82fd3ff8e61c?fccid=06c0080d7f6ce39f&vjs=3
Dot Net Developer Need Local,ameritechglobal,"Reston, VA",Just posted,https://www.indeed.com/company/www.ameritechglobal.com/jobs/Dot-Net-Developer-Need-Local-a2e8a45b38c446d4?fccid=38ee62f0b77b5061&vjs=3
Certified Scrum Master with .Net experience,Beechwood Computing Limited,"Raleigh, NC",Just posted,https://www.indeed.com/company/Beechwood-Computing-Limited/jobs/Certified-Scrum-Master-Net-Experience-364be82d2d1fd845?fccid=e120c286df3e9ebd&vjs=3
Azure Application Developer,Digital Dhara,"Fremont, CA",Just posted,https://www.indeed.com/company/Digital-Dhara-LLC/jobs/Azure-Application-Developer-16c61b1f8a6cdaf4?fccid=c77b76135d73a183&vjs=3
ORACLE ADF DEVELOPER,CBL SOLUTIONS INC,"Miami, FL",Just posted,https://www.indeed.com/company/CBL-Solutions-Inc/jobs/Oracle-Adf-Developer-4c6727eb08ce7dd6?fccid=5585efa68eed99b1&vjs=3
Net Lead Developer,"InCare Technologies, LLC","Columbia, SC",Just posted,"https://www.indeed.com/company/InCare-Technologies,-LLC/jobs/Net-Lead-Developer-8f88ba54d7257b56?fccid=51596656933cef1a&vjs=3"
AWS Developer @ Princeton NJ (In-Person Interview),Oakridge InfoTech,"Princeton, NJ",Just posted,https://www.indeed.com/company/Oakridge-InfoTech/jobs/Aws-Developer-dd828fffb4cfa0ef?fccid=98b0f9a14b431bf9&vjs=3
Jr Full Stack Developer,Candor Group Inc,"Westchester, IL",Just posted,https://www.indeed.com/company/Candor-Group-Inc/jobs/Junior-Full-Stack-Developer-1c2d3359b4594971?fccid=2734cc16f68d3cdf&vjs=3
IOS Developer,"Key Business Solutions, Inc.","Richmond, VA",Just posted,"https://www.indeed.com/company/Key-Business-Solutions,-Inc./jobs/Ios-Developer-c29375a31acfdfd8?fccid=ded3d5dca58318b6&vjs=3"
Full Stack Developer ( .Net Developer),Kanini Software Solutions,"Princeton, NJ",Just posted,https://www.indeed.com/pagead/clk?mo=r&ad=-6NYlbfkN0COpdIKQqSGdXJbne1jxdB1qoPCfRvVCUtLKvRmqxw5GVFJjJOQdRFrrMYSHz-KhGntu6BrR5EN8YoWLUy8QS0eOU6r--a5Q03np2YSyYkZROi93KavNdB0ecwUmHasZytRa02DLUjDZazy0H-IxPp3pQO_HY_EuGdA7tSbDSq4zQrkO6tUcD0Ik0btYFUXx5hXhSxcrWt0rI6NmXKsRo-8BxwrmFDEtq--hOQZyqbZb9t57r-OjvAeSOPaMV6ptFeEYdh1zRAracfGEQnCYNYU2eArVaN0fskeQOx6i_tIKV8NdXpu3kbnC7B_ZgIlkARBbwIIRFaoRzRJTNc63ofTXSYjbfn6FJR5eggxwDcAqbSgfXjjHtGvvwGNVfHnIOxjVE9LCtkeDoWH85Vwd7uB0HdhrJ7BCFHY6XBw-TiQTxJ4Cc-hLxBztlQjlm6twHI=&p=16&fvj=1&vjs=3
.Net Developer,Addison Group,"Alexandria, VA",Today,https://www.indeed.com/pagead/clk?mo=r&ad=-6NYlbfkN0D2ZZJrNSLWkuWgkN28CDhWSNpZr-3qYw3O0res6wDGcWH1zBsd6yDOo7bxc9cHPcSpQI-if3eAdAiBKNVohKT7y62euXUQZZHxfGNeKwLuTDv3DMCn18nIlBWTHkfb7TXTgNEnbEhq4x-HFS5LxvFRhJLTnB_v2LhSLdvBH2cWpp37APSox2H_YwHNczCgts9wQc6k8njbchFyx9bM16IodxuBH6wPP7v3bDngEXBjDr2Hqicb5xckYKHLiXVnFXYNO_5P5QscdfKCuJely9I5s2oxN_8_8BcDatN77VcLfgDAlFOJFkO5K-by7ko1V0V-ANZ88ql-QXA0Mn0IdTaUjYi4g3ir9EXiYTvVzmp93kHbxgN49QmsvjX3s6maanTcpbixzkilKrvqdB9xwnAxHL4cPSAEvpxRIbqZG2lViV1DVxZNj_hP_j5727eR_B4yMaoHYZeOoEG1bnIPuDCtGlnxO1tX10mrHAr-tlciufCvn1laroV_dNHsl8B4F9w5TAmbAFyMrGtLJDJzNT0hBgcpbzSaXbw=&p=17&fvj=0&vjs=3
Principal Software Developer,"Apollo Professional Solutions, Inc","Richardson, TX",Today,https://www.indeed.com/pagead/clk?mo=r&ad=-6NYlbfkN0CAhuD5_VJSGKds9a5niLzxiWOcN_E6D1JakCGF8i00d28sSgtQnbmoHCQGv5hWN83--EU2W-lVd8SZzOGkCuvJlbb1HjS37jwjXuGVQNZNLV1DzP2WWWnYi5m1VRZOHhuXotIhC7L8u0u2vZjp7Fve1qAavpLBJnTHoeYb5aN96nRmLilvWTCaPhIJ90uRcFLSt1XQYvnKAoy7qgeGoyUY2jQRk_SOMIi6zTbhy15f3jIRuHJ9Fzcf1QkcISy9432e4DM9FI-NwOGJeNwEGksP5AFWyHxwjR23Hg7TOJfYKSogmTbPZNLHX2kIVMDwVCTbAItNILqgnnaty5f95VtDo7XNl8BAh4Yaq419L9qF-MhPqGyixqJyqsWplH-bJlwNS424pqOe8gAEYNlNs6MBl9pqmkNKAe3esjeaoUUHnQEek9LICIUYMFIp16FD6NDcsgdGKJXtSS4zjOzrHWhVoBWRV1wH-YsXgW_46jAS-A==&p=18&fvj=1&vjs=3
Principal Software Developer,"Apollo Professional Solutions, Inc","Richardson, TX",Today,https://www.indeed.com/pagead/clk?mo=r&ad=-6NYlbfkN0CAhuD5_VJSGKds9a5niLzxiWOcN_E6D1JakCGF8i00d28sSgtQnbmoHCQGv5hWN83--EU2W-lVd8SZzOGkCuvJlbb1HjS37jwjXuGVQNZNLV1DzP2WWWnYi5m1VRZOHhuXotIhC7L8u0u2vZjp7Fve1qAavpLBJnTHoeYb5aN96nRmLilvWTCakMT6qm2nHkLcRKrvPhRQR7O7v6oSyfDDFS4i_KBKPTUgZFg-LMPzE-dTXVRgkz03jNh27_E9QjmqC_uoB7kQ1fXbC7thhnLNSpRrpkjg25OQO4Uol8uyy0eLsl9m-09DVrO497BGM-DN0_DmBQxmuONPi_YhUq6vGxs4lT6OrZDgD4mXhMIqAJGNut2BUuoHQ0NkCf0PJ9OSI4kfvfmnHgdTnLlI1OB-TSYjCV6ZKnMmgz7VmoYMXMqm30hmZEV2bjlx-4t3kwUoBoQqnMCNr2pWJ29XtetRyas29QkdAqwmShMg7RB4Sw==&p=0&fvj=1&vjs=3
Senior .Net Developer,Cloud BI Solutions Inc,"Bessemer, AL",Just posted,https://www.indeed.com/pagead/clk?mo=r&ad=-6NYlbfkN0BMIN3HEcUZTqbXVKbAL8CAmcZgtvIRxtbTU3KNsohUnfbOZuNfnMR9JkTvwAP5zA78RKbwqSjfnoHnAc7SLHnY6_HLohHyQajhE6u-7azDqUMKKulyECQaOQ3DwwuXOdNFwyTnv_WFgppfpzuGCgYaolSziUOKk_bDP4mjEkAn8SzMecKJupOL4AtXOteFMMf7bWdeEFfV6Y8FhDDJJD3_gZOCmmuaa6a4t4PbmQP29XNnKp4h_i9fLBciKr-ylkI0JG958FCEY5fHep9Xwv4gCtDInYTN6evBnGr3Ufk-wVfNI_g3qGIg1LivnXVo4O6-dBa6zcnV9tlBnomCtjzF4xofSvDv0LFnVVOV1ZJdBDGl4qDcUB2_TBoA61lLUNMDdWbMogiAVzev6pEifyqalutKzHPw35cwC6WbOxPsgAb5eITat1LcNj_BRKcPnuAjaqoGUDmWMg==&p=1&fvj=1&vjs=3
Full Stack Developer (.Net/Angular) (W-5045),Myticas Consulting,"Coppell, TX",Just posted,https://www.indeed.com/pagead/clk?mo=r&ad=-6NYlbfkN0Bt274jo0r_e0cCCqhskoQvohXG3bfDAo8rIdE-Msu3yuVfyF2oiDFKHFOU-vxVulDob2KhPKt-zK5PQaxBoWVo_Jf5B5jyxOCVuFuDkQuVsgEMZgzdt3jZOcNNvPFbB1enrEcp8wtOjTOJNJ1ckFWro8uXE5F47HfK1OeSACVGHxtiiBrLquaRmGlLuvpAO2GyBHqKGcojsk-kUpxXedZwfE7YRqVKH3cO52RFwofHCkCio-JyJZwrB4KaNAYJ5yA-gQXFTBO04BxMIQfE97HEen7vrFKfZnVHpxMo8mZmVJqn2nTbjDEU18h98sip9xvZ5xpNWUKu1OJyknYFmRsu2AufD5ucBeNr0VWG7feoiJ1ZG_M9ELjkE4Vt9AeHRRHL6xqLC_uAamdc1sbxlcmocuDVSJxSF4xH3SfzBU_TLkMU52mm3VbU1TWgqJAaR8coW-6SSV3A7Q==&p=2&fvj=0&vjs=3
AngularJS or React JS or .Net Developer - Multiple Position for Walmart,vk technology,"Bentonville, AR",Today,https://www.indeed.com/pagead/clk?mo=r&ad=-6NYlbfkN0D13rFVpn1qzBAHDYjQ8Bl8ZefILibnTZYaSRGbVv677s7MvOsY2N6dLd9Xx9IeOjk5v-yOvAktpSS8r8nj8agrPz7CGsxeE6EQp_SrTwxM8ukumZk9dtnXP91P3UfC5oyvssOo39uq6fi07SxFiWKbgyFhF9U9FI8m9vuvaLF9PbKhiBfUp_iGSbIbiBYIpIY9GEs-O19fes-sozSSVGkfym0jy3SHhIlPvrUEuqc_gO-CFNhsW-9yjYvsA71aYRXLX13ZFmZsuTFZOJPBIXMxQMHIjJaiY7ysuez_rcfgh9KDaJlcgFPhLOq_BDre6dufkx4vYdVJNoJxOxRF84vT4CcRdkrWrfBkU4Rm9TlSkf9yJGdwsBr8pX7I4g1vax0QH75P8N2v1ew-oQ-fX6PMKZigmj9BTb-HwZ8El-CEOr28xo92vTsP9w-xmyFjms2jRuwWNYGxlAM9SMqdWznhGaSohtwD_ZuC5KwzM9xWq8IpSKiYnKa_-k-KOHO3HbI=&p=3&fvj=1&vjs=3
.Net Developer,Addison Group,"Alexandria, VA",Today,https://www.indeed.com/pagead/clk?mo=r&ad=-6NYlbfkN0D2ZZJrNSLWkuWgkN28CDhWSNpZr-3qYw3O0res6wDGcWH1zBsd6yDOo7bxc9cHPcSpQI-if3eAdAiBKNVohKT7y62euXUQZZHxfGNeKwLuTDv3DMCn18nIlBWTHkfb7TXTgNEnbEhq4x-HFS5LxvFRhJLTnB_v2LiJqZkDzm0JYcaA_0D1ZeiBQzx2xzSnM3C3aeSUR9RJNrAE-jNCDnSAz1XsqBLOvHW5SgRdvaYzhWediUV4todkdizQ9xMNH1PJX3QmxAW-AIuO3tzVy_iFkVP1yBPhtjyu2Kt6V9FtLOtub9ybOc1_1YbB4nyJatKxfZtmCi_fUl7pwTndL39DLNTnGDxK1qV3H3kKtFvoHxYmDj1RUblr7hJpMMVY5_BO7xYUmrfbtuCgCBWP6O3otGhzT8ds9aaossyeWedilnbIlS2CUnYZSWblomNgGmw2RMMVOnfOSeoOzJzvCzhvUOtz6EBaZnATD1kHjbIyvHpHgGHpqifra8YWIsBKGqyZohHTdn4WLzmXRdqMVnKiLfq-zuepG-k=&p=4&fvj=0&vjs=3
Senior .Net Developer,Thomas-Matthew Associates,"Langhorne, PA",1 day ago,https://www.indeed.com/pagead/clk?mo=r&ad=-6NYlbfkN0AsrgAC8JlMmX8PZ3bXytOjFa_IeAqju9XjRP5vIDW_VItVfQVmz-50b1CMqLnpRDHJ_B5lnI9kSlfUK9_tFBDV4hr9jVXwQ9QsHRQF6jE9jL87_D8qu5CxEXlB5DpfFOZ3vHW_EZwbHKjB-PjfIJ2Ynr1PFEbIDHVn_riONqpNb8osRNau_BqarByZSA2IlcrWNCdd5ZiTWfAXR4sRtdZK_TN77WZj-4e4cEdguK1h-MbQgn7k2bk22LecRmwaUoyqwEeZbOAJaKsxsgQnixgYGUwML7oJ1pJH9fUFMz2HKRz2SIdDgMk0k-D480BKgUCunUHyl5Qvh-XnKqFCHrBhnr-n_w5_KRyApMCaVzIFTwnf9T2pvmZUdketf9E-atL_MKho_33lhZ2UgiicyaUB7KJKjTZtqVFENgtfYRByLqOjOh8LqLpFjUCFognRpXssil74mHvkrQ==&p=5&fvj=1&vjs=3
IOS Developer,"Key Business Solutions, Inc.","Richmond, VA",Just posted,"https://www.indeed.com/company/Key-Business-Solutions,-Inc./jobs/Ios-Developer-c29375a31acfdfd8?fccid=ded3d5dca58318b6&vjs=3"
AWS Developer @ Princeton NJ (In-Person Interview),Oakridge InfoTech,"Princeton, NJ",Just posted,https://www.indeed.com/company/Oakridge-InfoTech/jobs/Aws-Developer-dd828fffb4cfa0ef?fccid=98b0f9a14b431bf9&vjs=3
Clarity PPM Developer,"Moorecroft Systems, Inc.","Orlando, FL",Just posted,"https://www.indeed.com/company/Moorecroft-Systems,-Inc./jobs/Clarity-Ppm-Developer-c7ca41df9456dd12?fccid=adcbd932dd92a2d7&vjs=3"
.Net Developers with Medicare Exp,Mentourcorp,"Glen Allen, VA",Just posted,https://www.indeed.com/company/Mentourcorp/jobs/Net-Developer-Medicare-Exp-d6600421848f6e6c?fccid=322a150c2df080e1&vjs=3
CRM Developer,Colossal Systems,"Redmond, WA",Just posted,https://www.indeed.com/company/Colossal-Systems/jobs/Crm-Developer-4cd54216c0ccdb0a?fccid=011a94ca54aa9715&vjs=3
SFDC Senior Developer,UPSG,"Seattle, WA",Just posted,https://www.indeed.com/company/RD-Tech/jobs/Sfdc-Senior-Developer-0c9e705016ebf4fd?fccid=47fb2fba9fb5188c&vjs=3
Senior Scrum Master,"Unicorn Technologies, LLC","Raleigh, NC",Just posted,"https://www.indeed.com/company/Unicorn-Technologies,-LLC/jobs/Senior-Scrum-Master-9b366e123ec362cb?fccid=f2d457e9a74b284c&vjs=3"
Senior Sitecore Developer,Pan Asia Resources,"Everett, WA",Just posted,https://www.indeed.com/company/Pan-Asia-Resources/jobs/Senior-Sitecore-Developer-9f20d1bab25fa22b?fccid=0cca00b92f0937ab&vjs=3
QA Automation Tester - Training and Placement,Codersdata,"Jersey City, NJ",Just posted,"https://www.indeed.com/company/Intello-Group,-Inc./jobs/QA-Automation-Tester-17965ca67953cd1e?fccid=1166392af277cf97&vjs=3"
Senior Software Engineer with IBM,Sharpedge,"Austin, TX",Just posted,https://www.indeed.com/company/Sharpedge/jobs/Senior-Software-Engineer-IBM-d4dac9d2238735f5?fccid=b5a063b5e0cc630a&vjs=3
Full Stack Developer ( .Net Developer),Kanini Software Solutions,"Princeton, NJ",Just posted,https://www.indeed.com/pagead/clk?mo=r&ad=-6NYlbfkN0COpdIKQqSGdXJbne1jxdB1qoPCfRvVCUtLKvRmqxw5GVFJjJOQdRFrrMYSHz-KhGntu6BrR5EN8YoWLUy8QS0eOU6r--a5Q03np2YSyYkZROi93KavNdB0ecwUmHasZytRa02DLUjDZazy0H-IxPp3pQO_HY_EuGdA7tSbDSq4zapKEL8L49I7dkLMfaW47gwWnCeTevCXf3HYCKcMfnp3k0eLMl8JaciekOI1UcguBmwS7Q8D8dEJbgw77klHI3sE1hoPccTkdnHgI45nvo6H2eEVqxMjbbadFiZtcea1kYWXDYi9Mx_UZyf2YPGdZXOIc3-43mgFxD58Gs2n7VDVgfnKHbwaDVPoVgVSSyB9jSeRolAKBjwHJPBJdltxiJxiwHzBUUBssleQV98NKUyY3jxxAsC2fqMr5if7ou7swq-ClakS9xZCa8pHuKA0tio=&p=16&fvj=1&vjs=3
Principal Software Developer,"Apollo Professional Solutions, Inc","Richardson, TX",Today,https://www.indeed.com/pagead/clk?mo=r&ad=-6NYlbfkN0CAhuD5_VJSGKds9a5niLzxiWOcN_E6D1JakCGF8i00d28sSgtQnbmoHCQGv5hWN83--EU2W-lVd8SZzOGkCuvJlbb1HjS37jwjXuGVQNZNLV1DzP2WWWnYi5m1VRZOHhuXotIhC7L8u0u2vZjp7Fve1qAavpLBJnTHoeYb5aN96nRmLilvWTCakMT6qm2nHkKM5nGQZOkU-k7CRVbZLAM58W12N_z46NqSyCERTkQ6JefdKXIsX3NEPgxSt1rWwQ9RdzY51C-nhzIf-EZWJ27dZqzUKGcXvmxGGfpRNI_Gkvg2OZ8H52tQwKCPIC7eCrrUg5iMjbIg4ogi-I7SbaSTH3l55WXuAx4WKcwKS0454tN8M_EghbtLnNaI0chgvz9tzErxQVi0UyqlIf0LqDPQJX-b9iWQJ_9LqdchjDcoVgG22NilIqQfBpj7lwx1ASZkV68PGgAj1dcXLnZ-AOwuyRbTSDH7sRFQ_EyVUzMFBw==&p=0&fvj=1&vjs=3
Full Stack Developer (.Net/Angular) (W-5045),Myticas Consulting,"Coppell, TX",Just posted,https://www.indeed.com/pagead/clk?mo=r&ad=-6NYlbfkN0Bt274jo0r_e0cCCqhskoQvohXG3bfDAo8rIdE-Msu3yuVfyF2oiDFKHFOU-vxVulDob2KhPKt-zK5PQaxBoWVo_Jf5B5jyxOCVuFuDkQuVsgEMZgzdt3jZOcNNvPFbB1enrEcp8wtOjTOJNJ1ckFWro8uXE5F47HfK1OeSACVGH54WDr8lG6v9J7Xi52kGIXvBulmEKucPUKWoQH319cKJA8vwnwgBYS6iW2ZW_tntnDvi73-_pwuG_8ywo7IWjFZHDgacL1sNapNuBc9V0i-z26rCBqtcAIBpfhC4smx2wqshMvcXYIfpch3yHUxJQaTjrBa4zBQiu3lHnYyrq_rC8X4jZUKg54UtJzM_9TAG0j0vvLzBTFtuGR9zhnok0kyCOW0id3XpFBeM9mxWEo1SyqKSm3Qf0iOehvIKH38g6JLteUTV4BZ4_6bvGHnRn7N8CdIoooR-cw==&p=1&fvj=0&vjs=3
Senior .Net Developer,Thomas-Matthew Associates,"Langhorne, PA",1 day ago,https://www.indeed.com/pagead/clk?mo=r&ad=-6NYlbfkN0AsrgAC8JlMmX8PZ3bXytOjFa_IeAqju9XjRP5vIDW_VItVfQVmz-50b1CMqLnpRDHJ_B5lnI9kSlfUK9_tFBDV4hr9jVXwQ9QsHRQF6jE9jL87_D8qu5CxEXlB5DpfFOZ3vHW_EZwbHKjB-PjfIJ2Ynr1PFEbIDHVn_riONqpNb8osRNau_BqaDnGpIVgnaQJkhQ9wJkjUQUuq8HXGTpMegLsA5w7irPXRlizqm90_wQfoVCnUW93KCln4lsuDWrp3Ddxp3neHC5OnyGkPMiKdgn91YOJdGybuGCyhmQqMbMt0hq9Rba6a_H9F8LLRK7-HWMif5F__60CEN5obzH0cj54bVZR_NQoyk_J7TwpIyQZU3g0svjjk7ylA5JsLEdPKkCuMO2QRKO4o3U4JtVZEIneKFIxig0qkOPmyTrbi6Visj8npnTMwnYx_1taCeB4d9HGac1j01g==&p=2&fvj=1&vjs=3
Senior .Net Developer,Cloud BI Solutions Inc,"Bessemer, AL",Just posted,https://www.indeed.com/pagead/clk?mo=r&ad=-6NYlbfkN0BMIN3HEcUZTqbXVKbAL8CAmcZgtvIRxtbTU3KNsohUnfbOZuNfnMR9JkTvwAP5zA78RKbwqSjfnoHnAc7SLHnY6_HLohHyQajhE6u-7azDqUMKKulyECQaOQ3DwwuXOdNFwyTnv_WFgppfpzuGCgYaolSziUOKk_bDP4mjEkAn8SzMecKJupOLH3uDbFclKl0PBC-iuKgOMbkCyFu3u5EdSRf57subDyBosZA4RLAVeSdbVOVusnwqoQ-NNWlJU05mn_8S4Fqpt3-pPlK209jr76K8uU0azgC4V628pAq64Szy8I6ANiaqqaqjDeH6K48x4fL1OYBBvAdsZPdCpaCZ3jZ4dN_C-rRoMksw5cJyP0DcbWBFglg18doi_RIVm8-RQ8RNPw1rgFw5Iw7j12meID7zQixydbGjDnYHw2dnbfB-Kl9JmA3nh7EaQED29R3YLa13kiQayg==&p=3&fvj=1&vjs=3
AngularJS or React JS or .Net Developer - Multiple Position for Walmart,vk technology,"Bentonville, AR",Today,https://www.indeed.com/pagead/clk?mo=r&ad=-6NYlbfkN0D13rFVpn1qzBAHDYjQ8Bl8ZefILibnTZYaSRGbVv677s7MvOsY2N6dLd9Xx9IeOjk5v-yOvAktpSS8r8nj8agrPz7CGsxeE6EQp_SrTwxM8ukumZk9dtnXP91P3UfC5oyvssOo39uq6fi07SxFiWKbgyFhF9U9FI8m9vuvaLF9PbKhiBfUp_iGaALOcrI1fBXddRCBj7p4P4Tebuk-WUck5F1GvzPKi-G8DgNMjLoOkDSqhOB9nYk5UlmNrmGn4TkEdEtomc2Est80XBlIuE3RO8vTtM4LLa5tI3_r3IJfK525ZCvrKVCM9OUEfIAaHi2ywDajwMB27AV4aFvw2mJpeS_9iQo3hkb-wtQQ2Au46y5Gp5gGgrATAhFtF8xEiz6R4jbezVtRZhm_QeqoUA51ZwcFsubuqQrgBvczPqlhM_-3wA8iWXJTjl-RwjJtxX5dwPeDVlmKaTeHZjOeteZCEKqTuzhucpk5fo_zJpQhYBnDCUv9B45DZ2bMRFilYyU=&p=4&fvj=1&vjs=3
Full Stack Developer ( .Net Developer),Kanini Software Solutions,"Princeton, NJ",Just posted,https://www.indeed.com/pagead/clk?mo=r&ad=-6NYlbfkN0COpdIKQqSGdXJbne1jxdB1qoPCfRvVCUtLKvRmqxw5GVFJjJOQdRFrrMYSHz-KhGntu6BrR5EN8YoWLUy8QS0eOU6r--a5Q03np2YSyYkZROi93KavNdB0ecwUmHasZytRa02DLUjDZazy0H-IxPp3pQO_HY_EuGdA7tSbDSq4zdlnIqkwDkxCuueemHMdQa3MAYMX3tvsEEFIN5rYws_QkzgoR23Lv0mzh-0260Krz9m7uwgz8yEiSapUXCObbFUYOr0LdeWAEVkK9ZO7T3GttIuE-xadBx0iTQBjML-pZ4byrj1WXMx8hG8Y9UNOzetpSH6rK2iavwFQL6zK1VZs2oqM7ONrolmw0MgXfNKegrwxtIYrk3ewKYpOhiJWAkyqNTBMi7Qo6_PrW6Go14JWhm5elsUSGT5Qga4GjSzsrFRVaCTGZs32pBMewcPSa_A=&p=5&fvj=1&vjs=3
.Net Developer,Addison Group,"Alexandria, VA",Today,https://www.indeed.com/pagead/clk?mo=r&ad=-6NYlbfkN0D2ZZJrNSLWkuWgkN28CDhWSNpZr-3qYw3O0res6wDGcWH1zBsd6yDOo7bxc9cHPcSpQI-if3eAdAiBKNVohKT7y62euXUQZZHxfGNeKwLuTDv3DMCn18nIlBWTHkfb7TXTgNEnbEhq4x-HFS5LxvFRhJLTnB_v2LiJqZkDzm0JYc8ffNhTT0-b0wgwCmALCT4PDUPApeLzSXvDuVcm3VYoROn_Ekdx2pd-4Dbh7cZ7LPH82-W3Z3Zy0sJH1P99rBps0l9DIM1cUmt32DW7f5TEwWx4x22hcxwj2OF_9N7DRrcfxvAZRtRSsquJzWTG0z655zgjQWAA2l7CxABylaLwWdkgT4G3VlB4sMWAkQT33sfHijMDxUzKIZt6X5m4XkeYM1GaKtHVYUIor5EyUAbKts3Xgp22d0wiRWAIdIkriMUcR56yUSaTYbrB6ggvVVvYXZTCm-mD0luhDhOmJe_Ex-iOW8GEW7h5T2VzPhk6dIJvyMXrFC8hLm52GG-CVmLBzoqeB8un0iESSshK2QhSK7DU9QXHwD8=&p=6&fvj=0&vjs=3
Senior Software Engineer with IBM,Sharpedge,"Austin, TX",Just posted,https://www.indeed.com/company/Sharpedge/jobs/Senior-Software-Engineer-IBM-d4dac9d2238735f5?fccid=b5a063b5e0cc630a&vjs=3
MS Dynamics 365 Developer (Technical Consultant),Golden Technology Inc,"Boca Raton, FL",Just posted,https://www.indeed.com/company/Golden-Technology-Inc/jobs/Ms-Dynamic-Developer-ffdc3850dec3d3d9?fccid=abe59fbcf7c64142&vjs=3
Senior Scrum Master,Raps Consulting,"Raleigh, NC",Just posted,https://www.indeed.com/company/RAPS-Consulting/jobs/Senior-Scrum-Master-144dfa65ccc9253d?fccid=ba36db088e58e2d2&vjs=3
QA Automation Lead,Butterfly Technology,"Salem, OR",Just posted,https://www.indeed.com/company/Butterfly-Technology/jobs/QA-Automation-Lead-7d3f561fb5d5c9af?fccid=f1288b7d03f36d71&vjs=3
UI/UX Lead,Accurogroup,"Minneapolis, MN",Just posted,https://www.indeed.com/company/Accurogroup/jobs/Ui-Ux-Lead-800affebf9e3cb7e?fccid=89ca3a90df8765bc&vjs=3
.Net Developer,Arthur Grand Technologies,"Washington, DC",Today,https://www.indeed.com/rc/clk?jk=00668cab117a2eaa&fccid=0ddee73c57c63ea5&vjs=3
ASP.NET Developer,One Team US LLC,"Sterling Heights, MI",Today,https://www.indeed.com/company/One-Team-US-LLC/jobs/ASP-Net-Developer-a3796745acab3632?fccid=00871223d994421f&vjs=3
Application Programmer IV (.NET Web Developer) W2 Only,SkillStorm,"Richmond, VA",Today,https://www.indeed.com/company/SkillStorm/jobs/Application-Programmer-W2-Only-f5e02d74a82ec40b?fccid=10b01ad79751d722&vjs=3
Senior Veeva Network MDM Specialist,"Simplex info systems Inc,","Marlborough, MA",Today,"https://www.indeed.com/company/Simplex-info-systems-Inc,/jobs/Senior-Veeva-Network-Mdm-Specialist-f19cdd4568ded411?fccid=1047295f83c7d2ff&vjs=3"
.Net Developer (Web API),Evoke Technologies,"Everett, WA",Today,https://www.indeed.com/rc/clk?jk=3ddb483595a1b792&fccid=86b3cb7b9af3ee8e&vjs=3
Senior .Net Developer,Cloud BI Solutions Inc,"Bessemer, AL",Just posted,https://www.indeed.com/pagead/clk?mo=r&ad=-6NYlbfkN0BMIN3HEcUZTqbXVKbAL8CAmcZgtvIRxtbTU3KNsohUnfbOZuNfnMR9JkTvwAP5zA78RKbwqSjfnoHnAc7SLHnY6_HLohHyQajhE6u-7azDqUMKKulyECQaOQ3DwwuXOdNFwyTnv_WFgppfpzuGCgYaolSziUOKk_bDP4mjEkAn8SzMecKJupOL3rnGZHVimJsYmu1FwybICC3xyMDUh0suBAIjTI2YZqiSHca2aMHWi3yBekzbYjGYh8staSW-xGoRchH0ygTGd5yQp8llOMCBWSUYQIbgWdHdl8A-RmhqB32LjeOfSzrFSrJ9rpJax8QMSW3er4bgAil9JmnXbCJ9329oBpCGhpfKXDO_GA3xqRNYIVFOoOqFsD7J4mNfcQh4m7BFhTcKYhcYU3VA6lTX7KEBo4MQooYcIaE3pEC1MnF1wIgfkxc7OrTv-lEpB0exKmytfuahjA==&p=0&fvj=1&vjs=3
CAD Customization Engineer with .NET Experience,Stevenson Systems Inc,"Laguna Niguel, CA",Just posted,https://www.indeed.com/pagead/clk?mo=r&ad=-6NYlbfkN0BNrAXZkewir7lkzGKaTD6ZVmeb7bTbRJBcinz6mmetYVLraD8apbTEwJP0JNpE7os3J3frSmpCv2OBM9ZgNDf_4e2yAGwRk_PLHcMJEcl2qY2ZdOOXJP5-BqciwEH4qKJS1hfq4MBcu-FmonPJd_b0a7QTb4DiORHzBmHEC4kJWM2kkfdTC0hYOYcEo-JxmVMPKgwA4EKLv-4SCJgFMMStmGxrqKFUg8ZxEk3vH7o381U5ZmN3w4cFXMoq_M3pwhp46xIOiGH6m_smy6Df3BicYZ46vxrWk7Y0OzdAu4OTT6QDWHS9auscALilrnfGSTOkOb1gfp8nNKZ-fk-U137nKrIULi3fm0mH_-ivVhtlIv7B70bALMa2vSiN12s3CMt6OTLXR_cFmG2OCfA5KgMTn0WSUA0FhFOFPzDTWCr7f_Tm6YYMfSfqiWBwg4O94T4dXYjGN-j0GXpFBD8HPGNpnbLpozXQOuc=&p=1&fvj=1&vjs=3
Full Stack Developer ( .Net Developer),Kanini Software Solutions,"Princeton, NJ",Just posted,https://www.indeed.com/pagead/clk?mo=r&ad=-6NYlbfkN0COpdIKQqSGdXJbne1jxdB1qoPCfRvVCUtLKvRmqxw5GVFJjJOQdRFrrMYSHz-KhGntu6BrR5EN8YoWLUy8QS0eOU6r--a5Q03np2YSyYkZROi93KavNdB0ecwUmHasZytRa02DLUjDZazy0H-IxPp3pQO_HY_EuGdA7tSbDSq4zT4XEgM911l6SafoCU17ZqurLrkNEX2psUZ88FS8AdKUiQ6MciKn-xl5fJezoN_Ps2TkDYyRsjTKSnruvVCV4ylPKhuN_LL-jVujh-rmaNObjlW9epxYTWY00QxPPXeO4e0WDf-gmwT7JeZA4zt631o8zRinydXPMXAQWYp8DjSvQqm42aejJys9xXIHd0Ght2NgqgvDtJ1catACpYMHT_muoFfD2UUBF4PUGBemhB8gjuBOsqA-4ooOxTNnIXG1HSNA2IsiqqFLjyL5036hxEw=&p=2&fvj=1&vjs=3
.Net Developer,Addison Group,"Alexandria, VA",Today,https://www.indeed.com/pagead/clk?mo=r&ad=-6NYlbfkN0D2ZZJrNSLWkuWgkN28CDhWSNpZr-3qYw3O0res6wDGcWH1zBsd6yDOo7bxc9cHPcSpQI-if3eAdAiBKNVohKT7y62euXUQZZHxfGNeKwLuTDv3DMCn18nIlBWTHkfb7TXTgNEnbEhq4x-HFS5LxvFRhJLTnB_v2LhoRcF81oTekdFyBDth3H-B4sphi03M3QRSbHXG0EVOoI_Zcq460jz-2h6WvCtAduXKmUqj33sMzmqS8lGhTtHPK5VmZG1ARTcI2_G1qUp0Fsy-XgDBxfqJhkIVpGdIN1rmoD72eN_XX76AnlQGj_BslmwRQIc_cvvQmI-xlz9WjDsjGAKFH7yQYGjqsdzmfIe49DxKAWI7r2jxwiI0Ojuv4ZIh-ruRwSfWilfuqYp3QyvoHxxJmEHt_Bu4GLl5WjK-0cPbFweOpMDvtK7eZpNgpSVOx4o_GbzIi_oYcgdVbJHG1O45dkP17Q5vZo7ASOaR_3lDI59D56Pl0gM4V0AmMSTifwMPOFQ9tYeyARJVaOqkeHLnhVlxrqoGZeAJamo=&p=3&fvj=0&vjs=3
Senior .Net Developer,Thomas-Matthew Associates,"Langhorne, PA",1 day ago,https://www.indeed.com/pagead/clk?mo=r&ad=-6NYlbfkN0AsrgAC8JlMmX8PZ3bXytOjFa_IeAqju9XjRP5vIDW_VItVfQVmz-50b1CMqLnpRDHJ_B5lnI9kSlfUK9_tFBDV4hr9jVXwQ9QsHRQF6jE9jL87_D8qu5CxEXlB5DpfFOZ3vHW_EZwbHKjB-PjfIJ2Ynr1PFEbIDHVn_riONqpNb8osRNau_BqaqU4mqLiykWD8kQtaIrfCr8Ff2heytF-AcN51V1w8ULFDxOHo0-r4Vs6mfkLl1Ou9vYH7XPo4WtiWrnRaA-UBNc5dQ3zsB36TDUthRAdJkbqrDhgxjMUnUd8wKEpgdJZmvWgWNuhdcUEN8cfe32Nl7QhA_CLd407d6yFLfwCriqfMFu0tkGXxCAYZbnF103uK-t7bbADuzRWO_KTzRO8Xixv0CNkQTnzYdwVxBNgPlCnnBIzL8IVHurIijuwp3x5LTiUlDk9mYi4m-e00u91JWw==&p=4&fvj=1&vjs=3
AngularJS or React JS or .Net Developer - Multiple Position for Walmart,vk technology,"Bentonville, AR",Today,https://www.indeed.com/pagead/clk?mo=r&ad=-6NYlbfkN0D13rFVpn1qzBAHDYjQ8Bl8ZefILibnTZYaSRGbVv677s7MvOsY2N6dLd9Xx9IeOjk5v-yOvAktpSS8r8nj8agrPz7CGsxeE6EQp_SrTwxM8ukumZk9dtnXP91P3UfC5oyvssOo39uq6fi07SxFiWKbgyFhF9U9FI8m9vuvaLF9PbKhiBfUp_iGHiwKWCeGTgzrtV06-Is_CtkiDeonBFAQK0RtIhf0okZxqAjli7Ac4KzCvLxnbL2PrJxuSdUMaWfagL5KlGdICM4uVH454jlOR339Dyez2tRjyatBbnLrkP3CqqVGsJfhrUBotpivIGtiKYJhSfrV_b6fGL9LSO-6qguxcQc6Y1ulJpGQJuF1d319al94oYFaqfQRNeuDFjKGfQnTWV-om4NSY0uh-ylM9kxu6J4W2mfExWUFfF17RleAKp8iRjKsKWe04-oM2UJAGiiTPTqwIhH7b0mHct1lxzMZbLlwpSVO4VM_3EvulLKGAPWoWynnUXtjPe3vsH0=&p=5&fvj=1&vjs=3
Full Stack Developer (.Net/Angular) (W-5045),Myticas Consulting,"Coppell, TX",Just posted,https://www.indeed.com/pagead/clk?mo=r&ad=-6NYlbfkN0Bt274jo0r_e0cCCqhskoQvohXG3bfDAo8rIdE-Msu3yuVfyF2oiDFKHFOU-vxVulDob2KhPKt-zK5PQaxBoWVo_Jf5B5jyxOCVuFuDkQuVsgEMZgzdt3jZOcNNvPFbB1enrEcp8wtOjTOJNJ1ckFWro8uXE5F47HfK1OeSACVGHwAf_ZdhCgPvpZte4B2zE8dO7uHdMN4CGfhjNu2XNSlrlo374RE2gOYBQgt5RZMhrezzu9r3JzzQ04CRHACsbjjVZwKbUndefxlBE6FSqnXqJEDyN4UXR8HKdOKp7v5z6cudLe_fk-1iG6hpA4RQEXTBwiQUFpC7xSw4MnoabhN1nIGvYyhMozZov7lAGTBLmAyZX6OWoWu0a4gb3vCKLE6DJRACEKn5LpqfFyKiFCw3p-ZZ0_9YjDHmIUWB_5y5A1fiUg8OmdZN9S7LkruEc-mDJ3qOWimNTA==&p=6&fvj=0&vjs=3
Principal Software Developer,"Apollo Professional Solutions, Inc","Richardson, TX",Today,https://www.indeed.com/pagead/clk?mo=r&ad=-6NYlbfkN0CAhuD5_VJSGKds9a5niLzxiWOcN_E6D1JakCGF8i00d28sSgtQnbmoHCQGv5hWN83--EU2W-lVd8SZzOGkCuvJlbb1HjS37jwjXuGVQNZNLV1DzP2WWWnYi5m1VRZOHhuXotIhC7L8u0u2vZjp7Fve1qAavpLBJnTHoeYb5aN96nRmLilvWTCaGR8gyw1BsLyvP1xQh7JMEaed4yW-ZPYAyqf7e4Y6DfRcFaCkAQYrsN420gtJYYlERMmK6lar3-UsiWchYRS_0sDlwNIBJK2oxWHEOAlFqgs3rrRhCy06PWuBYfaUh10K_kKXcD1ZYNQFkijSWWl1WyI9GWNXpu8aqHEYLhXbsvTs4vCKQ8C4QAkl17HfbJeTh84m81srYFb3KnzuYmqrhoAa4x-FRZENR6a-f6zYRdEZ9A_1WHE_xLSiKfd8OZbkbmU3-E1pHVgC5Wmn991si0NhqtDd_r74CtBHrrp_qfS2o_iRtoeTkw==&p=7&fvj=1&vjs=3
ASP.NET Developer,One Team US LLC,"Sterling Heights, MI",Today,https://www.indeed.com/company/One-Team-US-LLC/jobs/ASP-Net-Developer-a3796745acab3632?fccid=00871223d994421f&vjs=3
Application Programmer IV (.NET Web Developer) W2 Only,SkillStorm,"Richmond, VA",Today,https://www.indeed.com/company/SkillStorm/jobs/Application-Programmer-W2-Only-f5e02d74a82ec40b?fccid=10b01ad79751d722&vjs=3
.Net Developer (Web API),Evoke Technologies,"Everett, WA",Today,https://www.indeed.com/rc/clk?jk=3ddb483595a1b792&fccid=86b3cb7b9af3ee8e&vjs=3
Web Developer,Aceolution,"Piscataway, NJ",Today,https://www.indeed.com/rc/clk?jk=4f00d884901b072b&fccid=aa9cca7cd65cfb2d&vjs=3
Backend Developer,Foverobrains,"Bellevue, WA",Today,https://www.indeed.com/rc/clk?jk=8f939b4321a6e49d&fccid=dfec3946561b3bcb&vjs=3
DevOps Software Developer,Raytheon,"Pensacola, FL",Today,https://www.indeed.com/rc/clk?jk=07f6c2457a802150&fccid=aa53b551f9df0210&vjs=3
Software Engineer,Neal Analytics,"Redmond, WA",Today,https://www.indeed.com/rc/clk?jk=f0698f70bf68b627&fccid=a3bcc3a125bee804&vjs=3
Full Stack .Net Developer,CSI Interfusion Inc,"Sunnyvale, CA",Today,https://www.indeed.com/company/CSI-Interfusion/jobs/Full-Stack-Net-Developer-86eccbb25623ebb4?fccid=f7fcfb775a279c04&vjs=3
.Net Developer,Activesoft inc,"Richmond, VA",Today,https://www.indeed.com/company/Activesoft-inc/jobs/Net-Developer-69d9b8480cd14555?fccid=3cf521a0b8b29888&vjs=3
Senior .Net Developer,"InCare Technologies, LLC","Redmond, WA",Today,"https://www.indeed.com/company/InCare-Technologies,-LLC/jobs/Senior-Net-Developer-8f7419d4a8c68d91?fccid=51596656933cef1a&vjs=3"
Principal Software Developer,"Apollo Professional Solutions, Inc","Richardson, TX",Today,https://www.indeed.com/pagead/clk?mo=r&ad=-6NYlbfkN0CAhuD5_VJSGKds9a5niLzxiWOcN_E6D1JakCGF8i00d28sSgtQnbmoHCQGv5hWN83--EU2W-lVd8SZzOGkCuvJlbb1HjS37jwjXuGVQNZNLV1DzP2WWWnYi5m1VRZOHhuXotIhC7L8u0u2vZjp7Fve1qAavpLBJnTHoeYb5aN96nRmLilvWTCa5bSD4PIl0LmmtsUvxYIAC59mep0OtBCDYAKvTpN1xuZTFy6Sx2eQqAoblgBhul6z0hfc3CY7db-08Jyd8DQVS68mxJ6u3JoSjXkfntFao7RjSHhOqtuC2LsWNhyd9dVQZMz7bacV93hHYvvw0ryOg3sKVwDG9Z9Uh-I2jl-AT6zBpbdJrZB0qwdC1dR7T_5BKv6JBm__cMbkFVCnZSut75LeWaL7L5sr4SvMJby3HJJdcp0VqUXYhULaWG8xJl3jy3nozcqA7g5wUnw7Am9YarAw5d1BDYRdyH0upYI6oKRs8dCA5nWmJA==&p=0&fvj=1&vjs=3
Senior .Net Developer,Cloud BI Solutions Inc,"Bessemer, AL",Just posted,https://www.indeed.com/pagead/clk?mo=r&ad=-6NYlbfkN0BMIN3HEcUZTqbXVKbAL8CAmcZgtvIRxtbTU3KNsohUnfbOZuNfnMR9JkTvwAP5zA78RKbwqSjfnoHnAc7SLHnY6_HLohHyQajhE6u-7azDqUMKKulyECQaOQ3DwwuXOdNFwyTnv_WFgppfpzuGCgYaolSziUOKk_bDP4mjEkAn8SzMecKJupOLR2alJTaUQBxaOGQt52b57vVjRnD0bUwoHJxR1TMmHKzYkH-i6JyJwpJi0NUkEo1LRqJJIyMwJxLZGeL_KAy6E4G2Lb1-Irm6V3aCJwtA1AFhvjSYbffg_ItsJewI9XRNZ31_jpjnyIJylgWepsBbEge6dz3CwltqQw0PcXSwZMsViNIGv0Y2xHVv61sQf_fK-lJ1bcykdOuqd1uzdz4YIIi47eZm1LtFSJ4-d1Ulk0UDJlcA7d-_RKGkY2oGUW-vEvDG1fta0mtMvfZV_hHjsQ==&p=1&fvj=1&vjs=3
Full Stack Developer ( .Net Developer),Kanini Software Solutions,"Princeton, NJ",Just posted,https://www.indeed.com/pagead/clk?mo=r&ad=-6NYlbfkN0COpdIKQqSGdXJbne1jxdB1qoPCfRvVCUtLKvRmqxw5GVFJjJOQdRFrrMYSHz-KhGntu6BrR5EN8YoWLUy8QS0eOU6r--a5Q03np2YSyYkZROi93KavNdB0ecwUmHasZytRa02DLUjDZazy0H-IxPp3pQO_HY_EuGdA7tSbDSq4zRBud9kXy9KZjekx7SWNYBlzmyzQ62kfpU0XAbTg58dDr77PJL5ylkkp5cy0kiKtLi6AVhnJ41LKIwZ3fZ_0ZmsiprkdbhzvzKPz0qnsUkiaLzwk2DAH0tdGD_8Q2a5sErt_cT335Wl6gvjiII-Brb06_JEVOl5T1md68mPhed-xMAJxUlWiGV1SuCHnJPwAm2FIzcQTjbfzc7bmAgPoXk990ofRwQfhEVE_3CWNcVFbPMsj4jiqv23gV_YjYDbSAeK3FZqHLn3YFRXpS-612xw=&p=2&fvj=1&vjs=3
.Net Developer,Addison Group,"Alexandria, VA",Today,https://www.indeed.com/pagead/clk?mo=r&ad=-6NYlbfkN0D2ZZJrNSLWkuWgkN28CDhWSNpZr-3qYw3O0res6wDGcWH1zBsd6yDOo7bxc9cHPcSpQI-if3eAdAiBKNVohKT7y62euXUQZZHxfGNeKwLuTDv3DMCn18nIlBWTHkfb7TXTgNEnbEhq4x-HFS5LxvFRhJLTnB_v2LhOcLGbIGfU-EdYY86SmzWN3glhGCY9_y3oeesSjhfE6IfcU1u8-N5fnxoOjV8Un2spx-ryeSbSsl0uKMJz9w9C7ZusiH8oBSGG9eAUfGt2JraCuJ2WZ9B7DucsWftPvo6k70lop7sd-XTL5d_JK_psgHdbJAlO2Uh-gZ6CMPvEIVM-5E8vZvN2cn7PSLvsRVXKgeZfX5DmMQhFilzH_cqFheS-SNckhlZIhPMw-j5m2m5HVLiYAmsrUsaRQzd2Y2bep2k2kuAE6EHg-y2BJ_ak2BqJ3idABrJkSd2bPKaPV2DRUdKWmsA_f0x_2ac9xHK8b5TXYhD0UrvO0auF_melGE4qTdZM0zhltrGbq1D22HnbWqQhS3vibzRLkAtiA3k=&p=3&fvj=0&vjs=3
AngularJS or React JS or .Net Developer - Multiple Position for Walmart,vk technology,"Bentonville, AR",Today,https://www.indeed.com/pagead/clk?mo=r&ad=-6NYlbfkN0D13rFVpn1qzBAHDYjQ8Bl8ZefILibnTZYaSRGbVv677s7MvOsY2N6dLd9Xx9IeOjk5v-yOvAktpSS8r8nj8agrPz7CGsxeE6EQp_SrTwxM8ukumZk9dtnXP91P3UfC5oyvssOo39uq6fi07SxFiWKbgyFhF9U9FI8m9vuvaLF9PbKhiBfUp_iGrnQP7JUy4X7e--5fIYE21nBwZ9btlpMJBWkDxeXxrPd4oWvLNbO0qvCcXgQ4QO6TuPe33QFtUyvFAG8U60YRXoPBzL4W0r3j4nRRfrJNl-s3BVjcVkkdruEEk1xsEPTYveSKm66Z33u9cjKdB896mqvIfej-x6hT6p_OQHhuvLUJkMJMcF-F_ddpusQzP6jJlFKtppnrzeC7V4HPWM6MhDKQ9k-Wi-jOYzP3KGJ68zy4xzNFqgOvS-NSwUuRWOwL8yNGWxWdmAzRF_rV_cRnTaP0peuupchsnPL9OaXrkGUUigG4BSz8iV3gmN48vWK_swR4TtTjtaw=&p=4&fvj=1&vjs=3
Full Stack Developer (.Net/Angular) (W-5045),Myticas Consulting,"Coppell, TX",Just posted,https://www.indeed.com/pagead/clk?mo=r&ad=-6NYlbfkN0Bt274jo0r_e0cCCqhskoQvohXG3bfDAo8rIdE-Msu3yuVfyF2oiDFKHFOU-vxVulDob2KhPKt-zK5PQaxBoWVo_Jf5B5jyxOCVuFuDkQuVsgEMZgzdt3jZOcNNvPFbB1enrEcp8wtOjTOJNJ1ckFWro8uXE5F47HfK1OeSACVGH7xHB10jvp8svspaenyQ0TRiO5MHw2hGukaX0dTIR3MnpOZ-ftogG_pF2TBBvaVRMksz9zr0Ie_gTbOlC53V771lYdPvY99A2-nKpva4gyGjg0eKNUou38I2zKJ-myZsU_Dv7RV8mSRQxmR8oNkKYwLevJdpqHaG1nv20j3FE8ggYCyz1QmgmsCy-Pw94U8N-XGPPJLvsE6xIDUS128HdY6LhJr90QJ97VuItSHMfsNxmjnIf0T0vhyEmg4T9z3_HrQ4_oz6uTmMWpEjm-cwBFcN4e2BcqSTwQ==&p=5&fvj=0&vjs=3
Senior .Net Developer,Thomas-Matthew Associates,"Langhorne, PA",1 day ago,https://www.indeed.com/pagead/clk?mo=r&ad=-6NYlbfkN0AsrgAC8JlMmX8PZ3bXytOjFa_IeAqju9XjRP5vIDW_VItVfQVmz-50b1CMqLnpRDHJ_B5lnI9kSlfUK9_tFBDV4hr9jVXwQ9QsHRQF6jE9jL87_D8qu5CxEXlB5DpfFOZ3vHW_EZwbHKjB-PjfIJ2Ynr1PFEbIDHVn_riONqpNb8osRNau_BqaZRPDnsIK0CQ2ZypWuUjcOTua9I3TwicIbNNjyBuGSFu8i9u9Ee8suEXpTZwIV_Y6ZTHTxcrCTWabbEeopJqvrpvCSSOY9PopMYh_lz8ZCI9la1ZnuxqFo1uL8R5b65IXqxU8Y-N2QRpI4op0U3EPhuw-_O7mKT902IY-tv4vNDEHuLc216b9DjVr1rQF9-WkbGsiVxYP598jxStlkG1Yg3xjuH_CeMq-cszL9FVOwgX52kCpjv-gpG1bVUWe9N-HblgqlKozEl5YfvxZkYandQ==&p=6&fvj=1&vjs=3
.Net Developer,TRA'BIAN ENTERPRISES,"Columbus, OH",Today,https://www.indeed.com/rc/clk?jk=bb155bd4e09188ae&fccid=acfaa464fb995fc7&vjs=3
Developer,Aspiretek,"Richfield, MN",Today,https://www.indeed.com/company/aspiretek/jobs/Developer-1d8fd67309f3d02b?fccid=91cb1068a2b35013&vjs=3
.Net Developer with Vue.JS,StackNexus,"Columbia, MD",Today,https://www.indeed.com/company/StackNexus/jobs/Net-Developer-Vue-Js-dc2ef0d1503725ea?fccid=3dc97124d941f942&vjs=3
.Net Developer (Local),Infinite Computing Systems,"Phoenix, AZ",Today,https://www.indeed.com/company/infinite-Computer-Solution/jobs/Net-Developer-b819154f690b450e?fccid=a79f62f595866cb4&vjs=3
Software Engineer (.NET Developer)- Mid Level,"Info Origin, Inc","New York, NY",Today,"https://www.indeed.com/company/Info-Origin,-Inc/jobs/Software-Engineer-33434b9227d51382?fccid=95c82c57de8bd75c&vjs=3"
ELN BIOVIA Developer,INCEDO,"Foster City, CA",Today,https://www.indeed.com/company/INCEDO/jobs/Eln-Biovia-Developer-d1b0be0616f6dd75?fccid=dca1895e1760540c&vjs=3
".NET Developer on-site in Des Moines, Iowa",acs-team,"Kansas City, MO",Today,https://www.indeed.com/company/American-Computer-Services-Inc./jobs/Net-Developer-Site-Des-Moine-8b4d7f637a91f06a?fccid=fbb31464f52dcd7f&vjs=3
Full Stack Developer,Mindtree,"Bellevue, WA",Today,https://www.indeed.com/company/Mindtree/jobs/Full-Stack-Developer-05d71eaa32c85a42?fccid=06144ac9f6d50e38&vjs=3
.Net/Angular Dev (#8191),Mass Genics,"Lakeland, FL",Today,https://www.indeed.com/rc/clk?jk=32dc04c2e38e7e0f&fccid=3b2805165f9e83c5&vjs=3
Oracle ADF Developer,"PRIMUS Global Services, Inc","Miami, FL",Today,https://www.indeed.com/rc/clk?jk=e5c9b3acbce9146f&fccid=a1c580f8e420853d&vjs=3
Principal Software Developer,"Apollo Professional Solutions, Inc","Richardson, TX",Today,https://www.indeed.com/pagead/clk?mo=r&ad=-6NYlbfkN0CAhuD5_VJSGKds9a5niLzxiWOcN_E6D1JakCGF8i00d28sSgtQnbmoHCQGv5hWN83--EU2W-lVd8SZzOGkCuvJlbb1HjS37jwjXuGVQNZNLV1DzP2WWWnYi5m1VRZOHhuXotIhC7L8u0u2vZjp7Fve1qAavpLBJnTHoeYb5aN96nRmLilvWTCakWlCXVCIT7Co5sfUAbSKtIUDR0B1EsmT5gfl8DE49tkdcnW9-46I_MW4nC8U0GB3OZXY6aI1CD9ViZDkxeDFNHqDU7cLjIbPVVjGfC5KQ9XMMIYl6n5hCQleFvbJaBRodNZOYJWMXNjq-15P9MalwZ_x-j-ymlvsz9abChS3OfGHKQEi3T1X3-ECFFo9mgUu4nN48gY5X-c_oRxMEOF-clhzPsj2a-GG7tiRmfLM1kkINp3BstH4ltMgyxGfpy8puihxQVfIK0IsrAc7STKTy-KPV9cYTav2KFzp2eQJUs36Qae-iOwnKQ==&p=0&fvj=1&vjs=3
Full Stack Developer ( .Net Developer),Kanini Software Solutions,"Princeton, NJ",Just posted,https://www.indeed.com/pagead/clk?mo=r&ad=-6NYlbfkN0COpdIKQqSGdXJbne1jxdB1qoPCfRvVCUtLKvRmqxw5GVFJjJOQdRFrrMYSHz-KhGntu6BrR5EN8YoWLUy8QS0eOU6r--a5Q03np2YSyYkZROi93KavNdB0ecwUmHasZytRa02DLUjDZazy0H-IxPp3pQO_HY_EuGdA7tSbDSq4zQV43sHZQ-AenjAvxzxgDtl8GEQxfsdLOrM8qbQqajoDxPWmVY2HtrJJYz6VG5Sq6qlL0JFiyaDHto-E-fYv9ds1pLxI62FbnY5hEQEdPtzpTEKqTHwMgVLh4dy8yFO5xX9wTSy5uMZxSfec_6eCqzyFukyZEUTendnD0DabNPv9A66S9RAmAzQxqpvXq94FHM7TZd5uwSWxJoEJsQOQoAeOq7FllC7pWHj-Rt526QMQTqmTbGg-lAK_PQ0IvnTgkJ6CYB6PoRnNwpmHhvM6SyI=&p=1&fvj=1&vjs=3
CAD Customization Engineer with .NET Experience,Stevenson Systems Inc,"Laguna Niguel, CA",Just posted,https://www.indeed.com/pagead/clk?mo=r&ad=-6NYlbfkN0BNrAXZkewir7lkzGKaTD6ZVmeb7bTbRJBcinz6mmetYVLraD8apbTEwJP0JNpE7os3J3frSmpCv2OBM9ZgNDf_4e2yAGwRk_PLHcMJEcl2qY2ZdOOXJP5-BqciwEH4qKJS1hfq4MBcu-FmonPJd_b0a7QTb4DiORHzBmHEC4kJWM2kkfdTC0hYL915ctMC3-6Kz4HaZ9JT9a5cJ0YAqWZaUooL0fSDEsQ2mZEAdXYWmSBFZgJp7QXdmr7nFHbbs-FcOipTUhwtUrrXl2wgGA5dz0oapd8MfZ6EF3ud7dyFbkC3J8wXlU_h7yAotmE80G22KBrXsepBVzPaootACjX24FzlQAtw-M8KVetQT1d2F-pEsSN__-ktK3gPzHqqNuSfDMzv5UNCuVtb5iPNDykaOq3ymwwdRb7OGd6j9k-3chsfxD4w1oEofB2Oq0BS-S3VnU6yz1xFNy5NGNmfWHZ4VLNVdSJffU8=&p=2&fvj=1&vjs=3
.Net Developer,Addison Group,"Alexandria, VA",Today,https://www.indeed.com/pagead/clk?mo=r&ad=-6NYlbfkN0D2ZZJrNSLWkuWgkN28CDhWSNpZr-3qYw3O0res6wDGcWH1zBsd6yDOo7bxc9cHPcSpQI-if3eAdAiBKNVohKT7y62euXUQZZHxfGNeKwLuTDv3DMCn18nIlBWTHkfb7TXTgNEnbEhq4x-HFS5LxvFRhJLTnB_v2LjAXyozK8lFrOI_4Ol6YC0iKqxnjvGuuFMzWy9D81yMc4EG0JLGqdpjlaXBsKY3_yDRUh2LdSZ7LnPCzVVAX3ko-oHlv4PjsCYfqrJT7GI7wkCNKDBe60zWLZEx09d9ifQgXEZv-bZUK1hn2XpwgMldsRmhJ2Lee_KozRo6Hy5JdJ4j1hNFW3H0xRdvd_SO1yfZjfkfbcHDDrznrLyNasR6AkGtE-Nwaa8x14znxk6kAzT7fn2KBBVWyaJ7d5n8V_gU4QKrcGVvN-bt15ap4Twpj2c5jm-yJ-2lujpQZII-7Kh69nvYwndwsQRVHfp5NBbjq-vi218GgszMlfPX8gDm6rowiL1oKJxInucNCqdC6QTTHQkf3w8rOKlbapZTw4w=&p=3&fvj=0&vjs=3
Senior .Net Developer,Thomas-Matthew Associates,"Langhorne, PA",1 day ago,https://www.indeed.com/pagead/clk?mo=r&ad=-6NYlbfkN0AsrgAC8JlMmX8PZ3bXytOjFa_IeAqju9XjRP5vIDW_VItVfQVmz-50b1CMqLnpRDHJ_B5lnI9kSlfUK9_tFBDV4hr9jVXwQ9QsHRQF6jE9jL87_D8qu5CxEXlB5DpfFOZ3vHW_EZwbHKjB-PjfIJ2Ynr1PFEbIDHVn_riONqpNb8osRNau_BqasqFtgYdXL2Jae42VP78DxvfbmYgMmJ8Jv7Xa0JqobmTN5DFhYDEPagPMBPiOCZeDst72mbuT2y4z-gSnoViM2tu44jNTUx6anvI4vrw4JmQh_SSjXAuWuwTuzA4nHKC7diZ8lIp4IrilTiAaD3rbxw4aCIcB7ZuQ2nHWIy6YI0gXy0vdBpCAf8nHNdAkZdnW2iEWzvcndkwmKxC8JVhhULkQ6wEGn00DCUSwc-hpCvDMjwtIYVcP50uKOla2bw7lj48_B4902GOOjkQyyQntBw==&p=4&fvj=1&vjs=3
AngularJS or React JS or .Net Developer - Multiple Position for Walmart,vk technology,"Bentonville, AR",Today,https://www.indeed.com/pagead/clk?mo=r&ad=-6NYlbfkN0D13rFVpn1qzBAHDYjQ8Bl8ZefILibnTZYaSRGbVv677s7MvOsY2N6dLd9Xx9IeOjk5v-yOvAktpSS8r8nj8agrPz7CGsxeE6EQp_SrTwxM8ukumZk9dtnXP91P3UfC5oyvssOo39uq6fi07SxFiWKbgyFhF9U9FI8m9vuvaLF9PbKhiBfUp_iGrN1wYPgUubbhPFyGubcpyIKZK9jyX6Kc1fy8puWejXrazZuuGbL_y01Gw8oyXitOK2uqZxMu9eXt1iHh2IPF78EDkJZkt3i05-IXedlPvCuxTwSnSz8IKpcT2gicFzzdzP848okkMKmTSFdIbe7J-jHYHLfXYMn_NfaHDtxgWxAojHiL5eRcaylrdLf8X16JHAz4CFjU25kkAt_xtzD89j3Hek_WIo02IEKct06yB4zOkdOPeKucD-3nJ1UEQkBwbVkUy9cmJyXSUwJruAVpAgQkBzMNrESEjkSbtpB1DE_SnjTSgfvMtS_3MgHz-RDSSNTpJVeNI6c=&p=5&fvj=1&vjs=3
Full Stack Developer (.Net/Angular) (W-5045),Myticas Consulting,"Coppell, TX",Just posted,https://www.indeed.com/pagead/clk?mo=r&ad=-6NYlbfkN0Bt274jo0r_e0cCCqhskoQvohXG3bfDAo8rIdE-Msu3yuVfyF2oiDFKHFOU-vxVulDob2KhPKt-zK5PQaxBoWVo_Jf5B5jyxOCVuFuDkQuVsgEMZgzdt3jZOcNNvPFbB1enrEcp8wtOjTOJNJ1ckFWro8uXE5F47HfK1OeSACVGH8eJlj5zvVCxRtIUyv-53ydlj-QTybjbsg4Pm-FkooujkInIKjU-INI6Oc2PUcOtGsvwP7Q8ETOVkqg0Ob-mfT1UDxbkGhxhUtTz9YYmaVPl-CNS1E_S_61JwchOJwb1H69qXLlHqoJPNwfUYWKZ-cuEkPrE-DA7_KdPT36v_n6Z5sDesi2uY5sGJ86aLd92IrsRiJFx9tV_6Kk8vB4Zpm0_j-CoaO7POYVCSNkFiD7wWtQr-XFdMQnufv0tL1FSJe5sMXr0-Mx-buD9REex2euTJyWN6wKDdw==&p=6&fvj=0&vjs=3
Senior .Net Developer,Cloud BI Solutions Inc,"Bessemer, AL",Just posted,https://www.indeed.com/pagead/clk?mo=r&ad=-6NYlbfkN0BMIN3HEcUZTqbXVKbAL8CAmcZgtvIRxtbTU3KNsohUnfbOZuNfnMR9JkTvwAP5zA78RKbwqSjfnoHnAc7SLHnY6_HLohHyQajhE6u-7azDqUMKKulyECQaOQ3DwwuXOdNFwyTnv_WFgppfpzuGCgYaolSziUOKk_bDP4mjEkAn8SzMecKJupOL4yvP9uCKuCyxh29zAnsvdgceDS7ovyfaFN9umGFE1-hxG6gnLUYHM8jv0J9yZxS2aujvgOhqj8OHZSm0zF-rb6JRSoIcdOaRIqsr2ozmV3oUArRGGJXg8SQcgOsZ1G6xWIY8FmrdBSOLV2XxEcyfyf8MK4v_ZRLJvGEYo29g-JRK-tqMTMRQH3cCEDd6Tb3pgX4YN7XzZM7yKgQh9uBZhriomfB7wwGaKxXjEhJ3Lb8Gyfqiis_HvjZEVqWw4IN16EdZeCwCltkDGuHJCWg-fw==&p=7&fvj=1&vjs=3
Full Stack Developer,Mindtree,"Bellevue, WA",Today,https://www.indeed.com/company/Mindtree/jobs/Full-Stack-Developer-05d71eaa32c85a42?fccid=06144ac9f6d50e38&vjs=3
.Net/Angular Dev (#8191),Mass Genics,"Lakeland, FL",Today,https://www.indeed.com/rc/clk?jk=32dc04c2e38e7e0f&fccid=3b2805165f9e83c5&vjs=3
Oracle ADF Developer,"PRIMUS Global Services, Inc","Miami, FL",Today,https://www.indeed.com/rc/clk?jk=e5c9b3acbce9146f&fccid=a1c580f8e420853d&vjs=3
AWS EngineerAWS Engineer,Neer Info Solutions Pvt. Ltd,"Houston, TX",Today,https://www.indeed.com/company/Neer-Info-Solutions-Pvt.-Ltd/jobs/Aws-Engineeraw-Engineer-edef72bb7710382b?fccid=dd616958bd9ddc12&vjs=3
UI Software Engineer,VIVID RESOURCES,Illinois,Today,https://www.indeed.com/rc/clk?jk=0b6a8765b3899005&fccid=a12fc4e926d1ec54&vjs=3
Dot Net Developer,Pro-Axis Consulting,"Phoenix, AZ",Today,https://www.indeed.com/company/Mamidis-Inc/jobs/Dot-Net-Developer-91bff65bf5f84f35?fccid=5b497f50fb33ab94&vjs=3
Full Stack Engineer (.Net),Systems Limited / Visionet,"Melbourne, FL",Today,https://www.indeed.com/rc/clk?cmp=Systems-Limited-%2F-Visionet&ti=Full+Stack+Engineer&jk=f90705e775ace6ff&fccid=2265f797f812ef18&vjs=3
SR. Senior Full Stack Developer/.Net Angular,Accurogroup,"New York, NY",Today,https://www.indeed.com/company/Accurogroup/jobs/Senior-Senior-Full-Stack-Developer-Net-Angular-8e4c550b38a59915?fccid=89ca3a90df8765bc&vjs=3
Per-Diem SharePoint Application Developer,San Diego Imaging,"Poway, CA",Today,https://www.indeed.com/company/SAN-DIEGO-IMAGING/jobs/Per-Diem-Sharepoint-Application-Developer-d955e8fc5d94c4f3?fccid=c3c6962e6d45e29b&vjs=3
Senior Lead Python Developer (W/Monitoring Experience),BTree Solutions Inc,"Seattle, WA",Today,https://www.indeed.com/company/BTree-Solutions-Inc/jobs/Senior-Lead-Python-Developer-6514513668a2b6e3?fccid=3d0f68f97ffb050f&vjs=3
AngularJS or React JS or .Net Developer - Multiple Position for Walmart,vk technology,"Bentonville, AR",Today,https://www.indeed.com/pagead/clk?mo=r&ad=-6NYlbfkN0D13rFVpn1qzBAHDYjQ8Bl8ZefILibnTZYaSRGbVv677s7MvOsY2N6dLd9Xx9IeOjk5v-yOvAktpSS8r8nj8agrPz7CGsxeE6EQp_SrTwxM8ukumZk9dtnXP91P3UfC5oyvssOo39uq6fi07SxFiWKbgyFhF9U9FI8m9vuvaLF9PbKhiBfUp_iGGurgBSngcdS0Q6e1swaFJ7LcFFsoWQ1aKTNpSkejDAads7r4teNxIaerBDiIpWCM1D2Z66PoBxBZ4GTzKSoasw0jzxpI2e4kLCqifiqBTXzwo1j-jBVngNm9ICKX589jsGAFrMSbD65Vx72RUpOxKNp7h_Tliuh7Iv2k_Jm5QovvAwzMZF-NKBpHfDetfHHNRRGq2_69dE1l1_zOFMxUqcyrO9h644btvarkrXbZoJ15fJZXS-jq5tiZu4HBmxCltTrD7PgP3zeWbHcgV_GB7DeIFpN9owVd4lz4drTn4b7Hv1WkdTZLhjirr2qgIGAZNrcyhc9BN1U=&p=0&fvj=1&vjs=3
Full Stack Developer ( .Net Developer),Kanini Software Solutions,"Princeton, NJ",Just posted,https://www.indeed.com/pagead/clk?mo=r&ad=-6NYlbfkN0COpdIKQqSGdXJbne1jxdB1qoPCfRvVCUtLKvRmqxw5GVFJjJOQdRFrrMYSHz-KhGntu6BrR5EN8YoWLUy8QS0eOU6r--a5Q03np2YSyYkZROi93KavNdB0ecwUmHasZytRa02DLUjDZazy0H-IxPp3pQO_HY_EuGdA7tSbDSq4zWZBGcVN8kEnE2SPY4yy6vmMG-iFoEm3pa6y8bd0pzU8azfMzZq6-SxV2pnTxbQr2G5hySX05rssI8UExJtXBrsJZvgaiAlsk4BGy3-wM19bw8gxWsPYi_0Q-hUirb8lWNoIRV5lCmPRF7ZpmucFsuvpb4pq_IWEo85ZBnuT6nFwHtOyIInANhag5XehGfgLeTK6RkabGbSMyuZdD7n9MST8p6o_WKXrpOx_ud0ZPD7enL3sbQoFMV2Ua9h2EXBStoiKj-2SLb-Mj-R8kQLwo-g=&p=1&fvj=1&vjs=3
Senior .Net Developer,InterSources Inc,"New York, NY",1 day ago,https://www.indeed.com/company/InterSources-Inc/jobs/Senior-Net-Developer-6873e0a3124ffabf?fccid=08dfa873b56badaf&vjs=3
Dot Net Developer,Dynamic Systems Technology Inc,"Millington, TN",1 day ago,https://www.indeed.com/company/Dynamic-Systems-Technology-Inc/jobs/Dot-Net-Developer-bcc885968de6d7d9?fccid=df102badf45a8f51&vjs=3
Net Developer,STACKNEXUS,"Columbia, MD",1 day ago,https://www.indeed.com/company/STACKNEXUS/jobs/Net-Developer-bde99770743e331e?fccid=862a59d3b4f8e896&vjs=3
Net Developer,CEI,"Lakeland, FL",1 day ago,https://www.indeed.com/company/CEI/jobs/Net-Developer-73d241cdeeb1f269?fccid=15065544b51580a8&vjs=3
Jr .Net Developer,Jefferson County Public School,"Lakewood, CO",1 day ago,https://www.indeed.com/company/Beacan/jobs/Junior-Net-Developer-71995af14cfefa33?fccid=d9cea0d13ea4eb7e&vjs=3
Lead Developer - .Net,Systemart LLC,"Tampa, FL",1 day ago,https://www.indeed.com/rc/clk?jk=22d460d409f989d3&fccid=f9dd3166cf821eca&vjs=3
Full Stack .Net Developer,Pernix,"Charlotte, NC",1 day ago,https://www.indeed.com/company/Pernix/jobs/Full-Stack-Net-Developer-548123707b48b57e?fccid=9df0e2218cb9adfb&vjs=3
Senior .Net Developer,Vedainfo,"Naperville, IL",1 day ago,https://www.indeed.com/company/Vedainfo/jobs/Senior-Net-Developer-3acc0cd7c001253f?fccid=0e459add14f85a79&vjs=3
Dynamics 365/CRM Developer,TetraCloud Solutions Corp,"Atlanta, GA",1 day ago,https://www.indeed.com/company/TetraCloud-Solutions-Corp/jobs/Dynamic-Crm-Developer-82fca4570e5139bf?fccid=685dc4bd2e4438c4&vjs=3
.Net developer,Disys,"Atlanta, GA",1 day ago,https://www.indeed.com/company/Disys/jobs/Net-Developer-8b8d1363f23852a3?fccid=2be47f9e889e8845&vjs=3
Senior .Net Developer,Cloud BI Solutions Inc,"Bessemer, AL",Just posted,https://www.indeed.com/pagead/clk?mo=r&ad=-6NYlbfkN0BMIN3HEcUZTqbXVKbAL8CAmcZgtvIRxtbTU3KNsohUnfbOZuNfnMR9JkTvwAP5zA78RKbwqSjfnoHnAc7SLHnY6_HLohHyQajhE6u-7azDqUMKKulyECQaOQ3DwwuXOdNFwyTnv_WFgppfpzuGCgYaolSziUOKk_bDP4mjEkAn8SzMecKJupOLeZe7guBS4HaDcWN2D2oJXk3zU8xbSqCz-REmvkkfrcqIubKsbxrIQFAPJl1mfJK8i_ovEL1l-XqypeRdzGOk8Q1orO5-CZqlXMk9kq0LSaknEXo25KA52u3Cu1m89_QS-ZH6OwF2ZIYhXgG74P2vov_wWPN3QULCO5pvq_13Op57MHgMGpxO9gNZOQS5_ldBIVid_WQMx0ZFNLKrTqrtPy5k_7LuizBpeqgx3mJuyxLq5DUqGVCjfyIJMP51KIfCuZ5hV38mcEauzZRSalfMgg==&p=12&fvj=1&vjs=3
Senior .Net Developer,Thomas-Matthew Associates,"Langhorne, PA",1 day ago,https://www.indeed.com/pagead/clk?mo=r&ad=-6NYlbfkN0AsrgAC8JlMmX8PZ3bXytOjFa_IeAqju9XjRP5vIDW_VItVfQVmz-50b1CMqLnpRDHJ_B5lnI9kSlfUK9_tFBDV4hr9jVXwQ9QsHRQF6jE9jL87_D8qu5CxEXlB5DpfFOZ3vHW_EZwbHKjB-PjfIJ2Ynr1PFEbIDHVn_riONqpNb8osRNau_BqaeXlG-BftCs-y2z7ZjSWC8A2wYBPePIGKUwKuAkC7ZZGaHHRPRY_kE6RxJPp2bX9T4jz1EIp2TGSouxXLBQtLyvl955kCA-cg3air5ku8sk6dKWjHJP8m1QCq-x21EVqS8mABX9qscqXwpEIwD7B566aOT5Z4FGaSnt_cDMYTKD41_GvweY0O8Hpe6IypopqfJnL5A4iPpGWi1a9hmlZHbCEjrbNFJTHSx-vl04TSL1lYJQQVu6SKBuH7ak4oET4-5LBGmvZg9RSzokpCusQG_w==&p=13&fvj=1&vjs=3
Principal Software Developer,"Apollo Professional Solutions, Inc","Richardson, TX",Today,https://www.indeed.com/pagead/clk?mo=r&ad=-6NYlbfkN0CAhuD5_VJSGKds9a5niLzxiWOcN_E6D1JakCGF8i00d28sSgtQnbmoHCQGv5hWN83--EU2W-lVd8SZzOGkCuvJlbb1HjS37jwjXuGVQNZNLV1DzP2WWWnYi5m1VRZOHhuXotIhC7L8u0u2vZjp7Fve1qAavpLBJnTHoeYb5aN96nRmLilvWTCactH8mHgA7FsslCZAa70TW3GRYngVgK2sRHe9wHhoJr9p4FAo922kvumr3kOtBK42UiZLT_cglPqxJbzDw44Vph1bh5wXW0X6m9Kc2mIGNL72t2JhEUUngvBEw77ICgoEkABGPPO8xB5KjsyBd9mUg2a-8s3LXz3hyd_7_MdnIgIGr8vRlbdZYr-2OyP7gLTbR7EsQrimL1xaalrP8kASKx9nAOnPdfMZtvM3RCaHs1oIdhEuP3qRC0gPf5Uprj7jq6jDFpcmZMV8lcnesPAf7lXQbQAdjexU49JuPF0bAv1QVer8kSC4UA==&p=14&fvj=1&vjs=3
Front End Developer,Epitec,"Boca Raton, FL",Just posted,https://www.indeed.com/pagead/clk?mo=r&ad=-6NYlbfkN0CyNeFrwqrtQGST5Whkqg-440fCBhMyCDYwKINpdzcRUCMgW7Ak-c_RKpR4bKz4YRguQ4lOO8FxS31ODaK2v8GSfswVCeA9mOfOlgmcftkXgwD8NcYJfYKOLr203DIbciVHIDUJAoZSZBK-BB3hrA85O89KeRlBcrfqG_BDxY0dtCEJlhexKyGLpUES3x2W0Mx3ohOwBJaaygSfuUnxuCbCt_2jP3iLQe0tiQIZCA22iFb6b1kDoEs7USHbzluxwnltiDZwX8hZApRRtesJaDsleF9DgEFKLli2Wp28u-ExkjNTLUoB_AntVAGva29d8rioivKsl-xSYrdwT7_OwTnIQ5Ew--in0jtHE75gOuu1oeyUAey9GYWBVITkqjgPn4b5oGn-1O_lLCkCF13sJBxKqHjz_1Mw5znluF8-wK-TaUY3HmmUcWbDEo39Nduxiq2zSf0dJuQFjA==&p=15&fvj=1&vjs=3
"Software Developer (ASP.Net, C#)",AEG Consulting,"Columbia, SC",Today,https://www.indeed.com/pagead/clk?mo=r&ad=-6NYlbfkN0BL7ZyI5EeCUk9KYHeHSFh9fe0ESCf7W-WLJzikbCfLqe_ni7zsCJQDY5o9ZDC0QSEMMmKSVz2ArGn_CtP7m3ZCE3RJ_PHxyPE4In9JKqpFmgx0T-8GB0UAbpfpxdiR3eIXS6we73wJrHUnwF_aH91Xs-DtlmX5MLv7-4zmMsiQussCDv1eFozg3ljdP5cui_DkhTjzWcdUQjPQAUWFNKKZgsyMCx8em6rHTQOyIdNPxNA5enutFFUlVlYKMdMS8ff6IhQvBxoCQaMN6pFW7uD1XbEL6kM_6ePps72ZowiBv3QNntqFkWwETc13Dxxmw73PZqdLun2QlRDdM37a5O2vMEbf7gpqqhtkZKDLnbB6LrIoOAohUflUpwuwKP4eZMX3bdp_HVBXX7uPSstRXTwQad3tJEuroRjIWakygT7xE18okZ-1O0Xa7jHDpUqXmb4BL8M_KALXjdSsDS3GzSiI&p=16&fvj=1&vjs=3
Full Stack Developer (.Net/Angular) (W-5045),Myticas Consulting,"Coppell, TX",Just posted,https://www.indeed.com/pagead/clk?mo=r&ad=-6NYlbfkN0Bt274jo0r_e0cCCqhskoQvohXG3bfDAo8rIdE-Msu3yuVfyF2oiDFKHFOU-vxVulDob2KhPKt-zK5PQaxBoWVo_Jf5B5jyxOCVuFuDkQuVsgEMZgzdt3jZOcNNvPFbB1enrEcp8wtOjTOJNJ1ckFWro8uXE5F47HfK1OeSACVGH6LEC-X5vcmvDgsNEdYsYoIB5t9Q42mCJafaAmoM6CCBjUtczbtF1yTWQJHooKTMdc9hTgIjFeMz7jw3qUewKu10XAkMk3Ox59T9TpsPcZarNQfVKUNAf4SHTi0H4VTQvHSASrd6tfrZPcVMWR9YGq084IgG_9-Pa5BvEKH6gcc7Z0yd3MFgfeHWExnOW5N9qohxPvjOWWt51VguBKkdjvDYg_wtzW0ZKRi3UpYWxNNWyOSIoem8jJ8wouaaBnNRZiYz0rEiGZJ3tmrQwgZJNhKPb5N_BvY67w==&p=17&fvj=0&vjs=3
Principal Software Developer,"Apollo Professional Solutions, Inc","Richardson, TX",Today,https://www.indeed.com/pagead/clk?mo=r&ad=-6NYlbfkN0CAhuD5_VJSGKds9a5niLzxiWOcN_E6D1JakCGF8i00d28sSgtQnbmoHCQGv5hWN83--EU2W-lVd8SZzOGkCuvJlbb1HjS37jwjXuGVQNZNLV1DzP2WWWnYi5m1VRZOHhuXotIhC7L8u0u2vZjp7Fve1qAavpLBJnTHoeYb5aN96nRmLilvWTCaPr9-8mqY4D__ESB6kWVSSrgGwR4mfzRsqyyYS37idbhPthnYU_CJEKC5pWi8U76wEp3Isx2s9BhXGdqF6xQGC45zMChsXQEoY-08VjFjyk49KipEg74tclqyprin0lh-s5nbfhkuMY7RwVLbkb3Aa2YI02UPPl1TM9bbauAhFC0UCtdUsuZlTxTI8hJHfUPZPoYjJQBzjQw3HN2O8NtH8FiaBmWMTj3EaTEs8i8Pv1BX7Hi1oF10HUCJwLwgTIgiYH2kEmWg-eDW3SqTP3Pmoo8egsaOF3oSKl9lXaZrsruxRhEMusMqIQ==&p=0&fvj=1&vjs=3
Full Stack Developer ( .Net Developer),Kanini Software Solutions,"Princeton, NJ",Just posted,https://www.indeed.com/pagead/clk?mo=r&ad=-6NYlbfkN0COpdIKQqSGdXJbne1jxdB1qoPCfRvVCUtLKvRmqxw5GVFJjJOQdRFrrMYSHz-KhGntu6BrR5EN8YoWLUy8QS0eOU6r--a5Q03np2YSyYkZROi93KavNdB0ecwUmHasZytRa02DLUjDZazy0H-IxPp3pQO_HY_EuGdA7tSbDSq4zQJyqNU_b7xrzfA6K8gEz1pl8fQb5aOfBgVxdIjO_UOoq_9HI62eMHib-PM7B1HfvRdEtSegeF4fzORtxxHg22EJtmELsSbyFmaoVZhc5omyInNXMyLYw4AeH6S8UMGealnzhVj4iKxvv2zuUe9F_zerz0gkafMowg_rj3rlrT_ndd2PevrnKOYADQprtHt-Y1Zr3dYNno1sseLQFtlINrN8vvcGyFTPlumZMxTrzchtHkiewLjs1CNKp-TC7FfImvhIQK-DQylVzqO9W8tsoYk=&p=1&fvj=1&vjs=3
Senior .Net Developer,Thomas-Matthew Associates,"Langhorne, PA",1 day ago,https://www.indeed.com/pagead/clk?mo=r&ad=-6NYlbfkN0AsrgAC8JlMmX8PZ3bXytOjFa_IeAqju9XjRP5vIDW_VItVfQVmz-50b1CMqLnpRDHJ_B5lnI9kSlfUK9_tFBDV4hr9jVXwQ9QsHRQF6jE9jL87_D8qu5CxEXlB5DpfFOZ3vHW_EZwbHKjB-PjfIJ2Ynr1PFEbIDHVn_riONqpNb8osRNau_BqaGtZfoYi0GbletYjeGaBuKc778uGc7AEN869rm3X0W88WkQ7mtxViVBEwbnQgHbhB_fcU_Xu0EP6kE-DWPFu82yQLXqTVUyqpv_sM0WLKBAFdSOKsoC1iE-1dJA1EbiOHdyS60r6EliYPRHCqDuxV_xWywyT3PgsDZj2tqmdf8Ns7Ye-w6XD8z5VvVGcU8__4lvTjaRBjVsOJZRdZDk4wEsrm1WosqjSuWIndX5Av0uRzPyuVQbPBpPt0RsRgd4IqOOxwpDBS45yWhmo-BZjJLw==&p=2&fvj=1&vjs=3
.Net Developer,Addison Group,"Alexandria, VA",Today,https://www.indeed.com/pagead/clk?mo=r&ad=-6NYlbfkN0D2ZZJrNSLWkuWgkN28CDhWSNpZr-3qYw3O0res6wDGcWH1zBsd6yDOo7bxc9cHPcSpQI-if3eAdAiBKNVohKT7y62euXUQZZHxfGNeKwLuTDv3DMCn18nIlBWTHkfb7TXTgNEnbEhq4x-HFS5LxvFRhJLTnB_v2Lg820TFkhkBA6IitHyJmJQf57WQe1GcjhJtfyyRPgpKfVV142TxdN_gMJfJKNRMmJXtWxBN-2NJZ5CQHlQWX6OODQXesdBo9k1PY1FarRem4OTkPqCbUoJHHZzlwZsU3-tYHvvcdReNPDJTJtgwuDhDqFxM5uHUgDX_1wZl2tK-JjG6-sc04iDDSYCTRZeGGjZF_0J_taoGgtwdR41m4XcpLqLCwv3T4540XYEEuuv5ua8lFQw1i0HTvlRWDc5PL0hDQrT5VvcR2Iu19HVSiGimO_VLmS_p1xxgAkfOoM_qbWiLLe-KsDuGxz3epLK5jq1BVQlUu8Mz8DvPouqDPjdL5cRN9ngDwHWizk8lz8ifKQDM1TbcdZslZWPliQUtrO4=&p=3&fvj=0&vjs=3
Local to Richardson area ASP.NET Developer only on w2,softech business,"Richardson, TX",1 day ago,https://www.indeed.com/company/softech-business/jobs/Local-Area-ASP-Net-Developer-Only-W2-1808a2c998a37e80?fccid=c24c0c49d3bbce89&vjs=3
Dynamics 365/CRM Developer,TetraCloud Solutions Corp,"Atlanta, GA",1 day ago,https://www.indeed.com/company/TetraCloud-Solutions-Corp/jobs/Dynamic-Crm-Developer-82fca4570e5139bf?fccid=685dc4bd2e4438c4&vjs=3
Senior .Net Developer,AGM Tech Solutions,"Florham Park, NJ",1 day ago,"https://www.indeed.com/company/AGM-Tech-Solutions,-LLC/jobs/Senior-Net-Developer-b2653ad66bcfb25b?fccid=e7a7be52239a678b&vjs=3"
.Net Developer,CompuSoft Integrated Solutions,"Lakewood, CO",1 day ago,https://www.indeed.com/company/CompuSoft-Integrated-Solutions/jobs/Net-Developer-f16804739b76ae75?fccid=26fe294ce6db9a0e&vjs=3
Senior .Net Developer,Vedainfo,"Naperville, IL",1 day ago,https://www.indeed.com/company/Vedainfo/jobs/Senior-Net-Developer-3acc0cd7c001253f?fccid=0e459add14f85a79&vjs=3
Excel VBA Developer,Cquest,"New York, NY",1 day ago,https://www.indeed.com/company/Cquest/jobs/Excel-Vba-Developer-5c52f278a4cdcb07?fccid=26bbb922067dd1da&vjs=3
.Net Developer/Lead,InfiCare Technologies,"Redmond, WA",1 day ago,https://www.indeed.com/company/DZUWA-TECH-PVT-LTD/jobs/Net-Developer-Lead-4d967c9400499931?fccid=9cd68bd2159be71b&vjs=3
Full Stack Developer - .NET,Kani Solutions,"St. Louis, MO",1 day ago,https://www.indeed.com/company/Kani-Solutions/jobs/Full-Stack-Developer-5c1ccebe4ec39573?fccid=6d19b3e54be9bb3a&vjs=3
.Net Developer,"Unicorn Technologies, LLC","Atlanta, GA",1 day ago,"https://www.indeed.com/company/Unicorn-Technologies,-LLC/jobs/Net-Developer-92b4475a59afcc08?fccid=f2d457e9a74b284c&vjs=3"
Net Developer,System Soft Technologies,"Phoenix, AZ",1 day ago,https://www.indeed.com/company/System-Soft/jobs/Net-Developer-f3d4e232a4a1ee3a?fccid=6e8c360586aac92a&vjs=3
Senior .Net Developer,Cloud BI Solutions Inc,"Bessemer, AL",Just posted,https://www.indeed.com/pagead/clk?mo=r&ad=-6NYlbfkN0BMIN3HEcUZTqbXVKbAL8CAmcZgtvIRxtbTU3KNsohUnfbOZuNfnMR9JkTvwAP5zA78RKbwqSjfnoHnAc7SLHnY6_HLohHyQajhE6u-7azDqUMKKulyECQaOQ3DwwuXOdNFwyTnv_WFgppfpzuGCgYaolSziUOKk_bDP4mjEkAn8SzMecKJupOLqyp-Df7rVqNFQXquX2WzjO-jJMDvad0UScbkBG1ZwoZR4sWzhyN7LloLhFX4wZfLGbQfN1T4WKfjmrBWAlRkqhuYlBBTwCU9V_DeYzd2VA4lGpPj0CBV9ZwVgDZNsEZuFmkfkySA2g8c6xUr5T-dIUjJBIBKOh2sqtkHRyqFODXJ0nJHdXp8u95hl6NEYd2BNU-54yWepG5EXsKx5k8OA5KY4izuAG_UuBzKLDhOWCdFFMiIRIawZaA-MDSBmTrHjckjSuFWt3_aoCEJXeughA==&p=14&fvj=1&vjs=3
Full Stack Developer (.Net/Angular) (W-5045),Myticas Consulting,"Coppell, TX",Just posted,https://www.indeed.com/pagead/clk?mo=r&ad=-6NYlbfkN0Bt274jo0r_e0cCCqhskoQvohXG3bfDAo8rIdE-Msu3yuVfyF2oiDFKHFOU-vxVulDob2KhPKt-zK5PQaxBoWVo_Jf5B5jyxOCVuFuDkQuVsgEMZgzdt3jZOcNNvPFbB1enrEcp8wtOjTOJNJ1ckFWro8uXE5F47HfK1OeSACVGHxljjLS2spyoT0fnH01hlaBiIPlSiB5W96KR-V7QiagAQZXloFWRID_nqsFyax0uPZRe1orx12lUEqqJs26zaHfsuMOGWNxKrCnXTPbj7eiCokol033zvqGtY-Qiu3BQJv7qGcNQQB4fPAP6D_RntbUiBSY1mYWo1pukUAnC31FM1h6x08JVFtRoMXFKVnt9oZLkY5972QMKXhX7bLD01a2c3kSCoSuR6BsjwgzJE5ay6wSo5A8gNXhCXbKre1b5SoZ3oKMkd4Pyv-DbolaGueOjo03YanLqeg==&p=15&fvj=0&vjs=3
AngularJS or React JS or .Net Developer - Multiple Position for Walmart,vk technology,"Bentonville, AR",Today,https://www.indeed.com/pagead/clk?mo=r&ad=-6NYlbfkN0D13rFVpn1qzBAHDYjQ8Bl8ZefILibnTZYaSRGbVv677s7MvOsY2N6dLd9Xx9IeOjk5v-yOvAktpSS8r8nj8agrPz7CGsxeE6EQp_SrTwxM8ukumZk9dtnXP91P3UfC5oyvssOo39uq6fi07SxFiWKbgyFhF9U9FI8m9vuvaLF9PbKhiBfUp_iGHarRcRdzpQ-y7UhY4QstReUXyOlm2TzCMbi3yscealZLJ30I6w6tHKoNDxqEq3ZpDHYCitDtQaU7adwMgdONRT87R--VfUE26S_U4fsQcyqQAwT4CM2xUVO3g3rA8JlUTaHB8QVyNK-LNBpjrTxvKEPATRX1jlmSk58epI6H4B_coGF4ZXj3shm_c1rRT6qF3M2_4BRw8wGvumFGcFbP4qqgP2ZgQASLZwTA3Gp1cCgru2eTen3Daci4JTIXe4O76IW8hFhQPiK7b8NdlIPgWyTRwWAZqS6Qrfb58YKD0VYWYYkDlmkJtpWsl-H90mWXs77J1vEYaCk=&p=16&fvj=1&vjs=3
.Net Developer,Addison Group,"Alexandria, VA",Today,https://www.indeed.com/pagead/clk?mo=r&ad=-6NYlbfkN0D2ZZJrNSLWkuWgkN28CDhWSNpZr-3qYw3O0res6wDGcWH1zBsd6yDOo7bxc9cHPcSpQI-if3eAdAiBKNVohKT7y62euXUQZZHxfGNeKwLuTDv3DMCn18nIlBWTHkfb7TXTgNEnbEhq4x-HFS5LxvFRhJLTnB_v2LgxepUxkY5VzaWCdKe3KYtb1PmkqlLF8Cc1w7xPQP5XFoJzwpRTVPHGeRwxYLDXqDlIefn9lfM9CkoZJ-VzfQqcxKvAlHVBksRxtfFg4w4nO91CzKdzQnMZ69bA-aYb19n28v79kUNuYA6JZLYim7KQYpFhKy1LcSOzHdIR3HU-uLVd1EOvE6hKbIW1LONnJdD4b6M_cXDbIqjJajJVcPo5V528CaeCDogFniibHBwVoqalmUiuME3qBo3Tny0BsAe8vn9nieulz85rLO0cPpLffQtDr9mAMm-4Pdhrukkjgrn-hM9alcAUGDCaYQq2UNQuQ4EdJzT7-JyzdR9qGk2_jqFFodrIe5ekWaKiEhFzxzqm2gX6nYfD-b37vLucZWk=&p=0&fvj=0&vjs=3
Full Stack Developer ( .Net Developer),Kanini Software Solutions,"Princeton, NJ",Just posted,https://www.indeed.com/pagead/clk?mo=r&ad=-6NYlbfkN0COpdIKQqSGdXJbne1jxdB1qoPCfRvVCUtLKvRmqxw5GVFJjJOQdRFrrMYSHz-KhGntu6BrR5EN8YoWLUy8QS0eOU6r--a5Q03np2YSyYkZROi93KavNdB0ecwUmHasZytRa02DLUjDZazy0H-IxPp3pQO_HY_EuGdA7tSbDSq4zT371u_rLQTP6spPOFylQFxQl4MnAwdfp07HyPcyeBcq4GpsLKF_bfCiEW7ePHFFhDgiZaUCaYtJC66RUthSI5nf4mpCmOF0nAX1cTuGnOBOJLmaYinXhWRoWc450I8n5JicJL6J0yXbB1fBASI-u8-7xKDkY0HIN5JU-5RVViQh8GUXY2_rESeCydg1JT-PaORPLZH6tsjHlnLd2POWF3MY1qF3ybm1IYPi37V-NzW1WHwTD0mStNhwijkFLxW8GGjBmkt50wnrkhahwFnSU54=&p=1&fvj=1&vjs=3
.Net Developer/Lead,InfiCare Technologies,"Redmond, WA",1 day ago,https://www.indeed.com/company/DZUWA-TECH-PVT-LTD/jobs/Net-Developer-Lead-4d967c9400499931?fccid=9cd68bd2159be71b&vjs=3
Excel VBA Developer,Cquest,"New York, NY",1 day ago,https://www.indeed.com/company/Cquest/jobs/Excel-Vba-Developer-5c52f278a4cdcb07?fccid=26bbb922067dd1da&vjs=3
Net Developer,System Soft Technologies,"Phoenix, AZ",1 day ago,https://www.indeed.com/company/System-Soft/jobs/Net-Developer-f3d4e232a4a1ee3a?fccid=6e8c360586aac92a&vjs=3
.Net Developer,"Unicorn Technologies, LLC","Atlanta, GA",1 day ago,"https://www.indeed.com/company/Unicorn-Technologies,-LLC/jobs/Net-Developer-92b4475a59afcc08?fccid=f2d457e9a74b284c&vjs=3"
Full Stack Developer - .NET,Kani Solutions,"St. Louis, MO",1 day ago,https://www.indeed.com/company/Kani-Solutions/jobs/Full-Stack-Developer-5c1ccebe4ec39573?fccid=6d19b3e54be9bb3a&vjs=3
Xamarin Developer,Colossal Systems,"Tampa, FL",1 day ago,https://www.indeed.com/company/Colossal-Systems/jobs/Xamarin-Developer-c0c4daae6c2d6677?fccid=011a94ca54aa9715&vjs=3
Senior Programmer,Linktek,Remote,1 day ago,https://www.indeed.com/company/Axiom/jobs/Senior-Programmer-2e245c155b67f3e3?fccid=160c95bea87acc25&vjs=3
Mobile Developer,Inficare Technologies,"Woodbridge, NJ",1 day ago,https://www.indeed.com/company/Inficare-Technologies/jobs/Mobile-Developer-199298daf6f2f7b2?fccid=456a1440c87218e1&vjs=3
Senior Backend Developer,infolob,"Austin, TX",1 day ago,https://www.indeed.com/company/infolob/jobs/Senior-Backend-Developer-8653026de7b1ef60?fccid=5b83264e35625d6c&vjs=3
C# developer,InfoSpeed Services Inc,"San Leandro, CA",1 day ago,https://www.indeed.com/company/InfoSpeed-Services-Inc/jobs/Csharp-Developer-8d6fbed642f5cfde?fccid=49fe9e4bcf5a0871&vjs=3
Senior .Net Developer,Cloud BI Solutions Inc,"Bessemer, AL",Just posted,https://www.indeed.com/pagead/clk?mo=r&ad=-6NYlbfkN0BMIN3HEcUZTqbXVKbAL8CAmcZgtvIRxtbTU3KNsohUnfbOZuNfnMR9JkTvwAP5zA78RKbwqSjfnoHnAc7SLHnY6_HLohHyQajhE6u-7azDqUMKKulyECQaOQ3DwwuXOdNFwyTnv_WFgppfpzuGCgYaolSziUOKk_bDP4mjEkAn8SzMecKJupOLnG_UW0eOP7lS4vwN3HRFXVwQI-OERDcsUPMUfjfSb7SePQof0GSPFJJlWsqOeYqhPmbnwTQn7Y1QBjw8544g2O0HA6RpZhZsBNTYa_ekNl2Jw7GcjaUm7h9wBZPL4Aq3nBoA30h-mn7AcX3RJD1Pe49peFTC6wW7L5Ial1pnJ6IabTlRpv8qiVpj6WixnTAc6whawljGyBera43Xpg6wgI32XAsne1Nr2IFYUH5vYL3U_60fcmpEbitAeDR3zntZ4AsmM53JvKl8VtnhZkMhAQ==&p=12&fvj=1&vjs=3
CAD Customization Engineer with .NET Experience,Stevenson Systems Inc,"Laguna Niguel, CA",Just posted,https://www.indeed.com/pagead/clk?mo=r&ad=-6NYlbfkN0BNrAXZkewir7lkzGKaTD6ZVmeb7bTbRJBcinz6mmetYVLraD8apbTEwJP0JNpE7os3J3frSmpCv2OBM9ZgNDf_4e2yAGwRk_PLHcMJEcl2qY2ZdOOXJP5-BqciwEH4qKJS1hfq4MBcu-FmonPJd_b0a7QTb4DiORHzBmHEC4kJWM2kkfdTC0hYYuYV6sXUxoY_UsJR1Kt3barqSKZUOXZhdwmjlTQTlFjP31ra_C1HT0juq4aKEK1NwxgkrYIQPp138x958F8Blq6Gm0XEwPCXgyy8bTkhwVFx_AoMCZk9dDMUjpGXcfwzWo721dWmnH9cEu69WMMd2ZM4omfQ7EJZ5zBmRs47Sq50-oJJTyEMt5uWaj0bfnjiMS7xuYFWdh3N5TBmx2b0d9YRFePy7iBHoRq5qHTyXfS4lFf8LHCp_bILnxEKas6vMNfqOdJD1WRmPVt-aFN2murCwxneY1jq1_iq4Ctl60A=&p=13&fvj=1&vjs=3
AngularJS or React JS or .Net Developer - Multiple Position for Walmart,vk technology,"Bentonville, AR",Today,https://www.indeed.com/pagead/clk?mo=r&ad=-6NYlbfkN0D13rFVpn1qzBAHDYjQ8Bl8ZefILibnTZYaSRGbVv677s7MvOsY2N6dLd9Xx9IeOjk5v-yOvAktpSS8r8nj8agrPz7CGsxeE6EQp_SrTwxM8ukumZk9dtnXP91P3UfC5oyvssOo39uq6fi07SxFiWKbgyFhF9U9FI8m9vuvaLF9PbKhiBfUp_iGFYALMg5xYE_lYm9u-3ZlEn0xrUh2xTz27OM6HQmYKuaWPssaloDdy0Dy-vNo3LUh9JizzFUMsblT3fVcJCG_q4GZtYNyer3eRQehqDAPNMByIWcLrWMUAgYkSdX_-7fk8HrFxotL-DsendKQdQNAI_yZLGi5Vj9cqAf9wDfjmP3Mty5BsJexWUtQQzzCMgkJ-DBB7gTKTuZ0-NMYMsrCKNSDR0aan2QguKYq4b0IdnXiXr_1_3cWoO1PW_phvM5sGKxK7OGJ9oQwL9XRgFIlfDYURSzRzpdiZO_OFUIvaT0LXc_l_d2QEViWKp9ugHx-0tHjmLo-hSA=&p=14&fvj=1&vjs=3
Full Stack Developer (.Net/Angular) (W-5045),Myticas Consulting,"Coppell, TX",Just posted,https://www.indeed.com/pagead/clk?mo=r&ad=-6NYlbfkN0Bt274jo0r_e0cCCqhskoQvohXG3bfDAo8rIdE-Msu3yuVfyF2oiDFKHFOU-vxVulDob2KhPKt-zK5PQaxBoWVo_Jf5B5jyxOCVuFuDkQuVsgEMZgzdt3jZOcNNvPFbB1enrEcp8wtOjTOJNJ1ckFWro8uXE5F47HfK1OeSACVGH_euCgSda1x8036sWZkaDmWQ-STF9VgoUYgIc8UctzKuTTKpz4Bbg4ZxbGVuf-yeaZ61FOwD7GbvxMrSQHDDVZy0JieKtsHNXqBZCTFHLlzZq-_54CD_AzHCi-2zbBdE_mh2_0tz_XZfznmDM1qga-EsG_diqkvrVUki2oocZ0EW6iQUsEkxHwz44VZclv86HS8NihxSBghHK8DVKxFaIooJM5aqJzx4IuyteJ82OBXPKTDfjM6PMfOS0TAFbhRycfSPsZbJK8qp1HX-GYsqGNO2-Eg8VLgKHg==&p=15&fvj=0&vjs=3
Principal Software Developer,"Apollo Professional Solutions, Inc","Richardson, TX",Today,https://www.indeed.com/pagead/clk?mo=r&ad=-6NYlbfkN0CAhuD5_VJSGKds9a5niLzxiWOcN_E6D1JakCGF8i00d28sSgtQnbmoHCQGv5hWN83--EU2W-lVd8SZzOGkCuvJlbb1HjS37jwjXuGVQNZNLV1DzP2WWWnYi5m1VRZOHhuXotIhC7L8u0u2vZjp7Fve1qAavpLBJnTHoeYb5aN96nRmLilvWTCaNBZh0EcHdLfXyI-vYO-J-ftU1Fx3wZKTlbHZuxV9zVlDiLLQY63HWCMK2lP807DUWyAxezfdxTwpZr2Z5rZHNA9hNoGoI9T7mtvPhKUB-VjLK2zaB_4oq9OT2VM7b-nv_KQf1fUVZar74b_FQd9rIn7EBFsv2Oi65zGxrBq9r7AGaaJoOYn3gWgjjeKJePWobIiKMX3ArvxjLjGvDQfxJD2KKqp_8kPH32hlZgO3sgE9lhgjqk8T7KpxIUM_y3uO0XtPZ5kgv4AdqHufY8JegJhyt3auYRELANg164mVwsW4hZ1Zpb184w==&p=16&fvj=1&vjs=3
Senior .Net Developer,Thomas-Matthew Associates,"Langhorne, PA",1 day ago,https://www.indeed.com/pagead/clk?mo=r&ad=-6NYlbfkN0AsrgAC8JlMmX8PZ3bXytOjFa_IeAqju9XjRP5vIDW_VItVfQVmz-50b1CMqLnpRDHJ_B5lnI9kSlfUK9_tFBDV4hr9jVXwQ9QsHRQF6jE9jL87_D8qu5CxEXlB5DpfFOZ3vHW_EZwbHKjB-PjfIJ2Ynr1PFEbIDHVn_riONqpNb8osRNau_BqaUnOVPuTZpAbU4miIIM8aH38PC27eybb-jP4bO0rtpFJNifpwncN0ggYF3O_YE-SpcBx2Lcqo2jmJGdJ8mLNiKhtrLJWxZFHMqptYB5UfBThuOXwMnL9pktsWR0SKo1CGIm19sDZLsEvsolrir3Aup9NWczFICFbEAddMEl5elOXn1s83dWWbReE8ffGXNyuosRk0qGvFQF6TXZy5QOnS02bbO3E6f2x6KkltlQqHoZfBNLAUtUFBBLT-BHGvZAUhbKdtPuqv_fnPZP8r93XCzQ==&p=17&fvj=1&vjs=3
Senior .Net Developer,Thomas-Matthew Associates,"Langhorne, PA",1 day ago,https://www.indeed.com/pagead/clk?mo=r&ad=-6NYlbfkN0AsrgAC8JlMmX8PZ3bXytOjFa_IeAqju9XjRP5vIDW_VItVfQVmz-50b1CMqLnpRDHJ_B5lnI9kSlfUK9_tFBDV4hr9jVXwQ9QsHRQF6jE9jL87_D8qu5CxEXlB5DpfFOZ3vHW_EZwbHKjB-PjfIJ2Ynr1PFEbIDHVn_riONqpNb8osRNau_BqaFsPIN-jgfVv3SsIZ7IUxxzs6UlGFS5EuqDynvGWGFFVRFLbozLSoSwZ5SpbC1oydkLyXjOGbcNZNqocX7ibtOGB-RvVQWV5cseD4FlgUjXQxapSYYrKS2TwjTE2E0JL8svPw_dSjCfde7sDP_HADEZW6pWoyNoMRXA6mwThvBgDUxmGqgxhKy6UzefmOco9YH8wuLoeaSFu3V2byP-xl-2GD4ydlM6PfFjRm4lp9AWduLw_LfaB1XTyLmyxesHOYObRk_vsmoG6MH5PBIjvu-g==&p=0&fvj=1&vjs=3
Senior .Net Developer,Cloud BI Solutions Inc,"Bessemer, AL",Just posted,https://www.indeed.com/pagead/clk?mo=r&ad=-6NYlbfkN0BMIN3HEcUZTqbXVKbAL8CAmcZgtvIRxtbTU3KNsohUnfbOZuNfnMR9JkTvwAP5zA78RKbwqSjfnoHnAc7SLHnY6_HLohHyQajhE6u-7azDqUMKKulyECQaOQ3DwwuXOdNFwyTnv_WFgppfpzuGCgYaolSziUOKk_bDP4mjEkAn8SzMecKJupOLmpMljyaEs4gOJ8DOGhKDz6lH2VbWJzNgpCD8-QjoudDVbNUGfVqbIGIEGZ-4fWNirRlbvP7Iq11RXTKBFXkE_d5t5rkokd_v-4_kh5tjcFMgJ3sxfUx6Qjv-kq36cgs0dXoKlfHoccGNEJCkwTs5QzLPpYRoYvajxFFl6OvBTeiWtNOqvCS-eOjY2RlhkXZ2848VAGVjUhg1SiR8tIlFqm2DLwRBRiVZsuPRA8jkaWRHFWaC8HbLBsYPJyqPkSrDSO_QG1khiBxtxJacgpW5bQ==&p=1&fvj=1&vjs=3
Business Analyst/QA,System Soft Technologies,"Phoenix, AZ",1 day ago,https://www.indeed.com/company/System-Soft/jobs/Business-Analyst-QA-714c7e7cdcbdd368?fccid=6e8c360586aac92a&vjs=3
Azure Datalake Developer,FAAZ Consulting,"Richmond, VA",1 day ago,https://www.indeed.com/company/Guerdon-Group/jobs/Azure-Datalake-Developer-084e4ee26b2a9dc5?fccid=5321a876f5f3364d&vjs=3
Facets Developer,Mythri Consulting LLC.,"Raleigh, NC",1 day ago,https://www.indeed.com/company/Mythri-Consulting-LLC./jobs/Facet-Developer-eb80fbc7531f2cfb?fccid=a44fa729909d12a1&vjs=3
Application Developer / Software Engineer,Telnet INC,"Arlington, VA",1 day ago,https://www.indeed.com/company/Telnet-INC/jobs/Application-Developer-39a9a379ee8c10c6?fccid=60de1b25c2fe7d8c&vjs=3
Micro service Developer,Trinamix,"Milwaukee, WI",1 day ago,https://www.indeed.com/company/Trinamix/jobs/Micro-Service-Developer-3e4d18adb690e1ae?fccid=f5a6e4464415647a&vjs=3
Junior Mainframe Developer,Sysformation Consulting Services,"Louisville, KY",1 day ago,https://www.indeed.com/company/Sysformation-LLC/jobs/Junior-Mainframe-Developer-1c8f7d511d0c421c?fccid=bf0e8c746fb535f6&vjs=3
DevOps Engineer,Simplex Info Systems Inc.,"Rockford, IL",1 day ago,https://www.indeed.com/company/Simplex-Info-Systems-Inc./jobs/Devop-Engineer-8c064ebbde2b3ec4?fccid=35878bf37de8a1c0&vjs=3
"Core Java Developer & Java Full Stack Developer - Purchase, NY -Local _w2",Tanisha Systems Inc,"Purchase, NY",1 day ago,https://www.indeed.com/company/Tanisha-Systems-Inc/jobs/Core-Java-Developer-Java-Full-Stack-Developer-75c5892db29851ca?fccid=9c4171181b7ea71f&vjs=3
Lead Fullstack Java Developer,Rexo Solutions,"Dallas, TX",1 day ago,https://www.indeed.com/company/Rexo-Solutions/jobs/Lead-Fullstack-Java-Developer-c907b5d2e98ae825?fccid=d407483bbdd87ae8&vjs=3
Office 365 Administrator/Developer,Digital Minds technoliges Inc,"Arlington, VA",1 day ago,https://www.indeed.com/company/Digital-Minds-technoliges-Inc/jobs/Office-Administrator-Developer-b51d4a925eba50dd?fccid=13f6a18930642ef5&vjs=3
Full Stack Developer ( .Net Developer),Kanini Software Solutions,"Princeton, NJ",Just posted,https://www.indeed.com/pagead/clk?mo=r&ad=-6NYlbfkN0COpdIKQqSGdXJbne1jxdB1qoPCfRvVCUtLKvRmqxw5GVFJjJOQdRFrrMYSHz-KhGntu6BrR5EN8YoWLUy8QS0eOU6r--a5Q03np2YSyYkZROi93KavNdB0ecwUmHasZytRa02DLUjDZazy0H-IxPp3pQO_HY_EuGdA7tSbDSq4zUf6d_PtmUnL-x1bKxifBTIM23KYl174UOwpuzzPengDzbv_nbaq1hnT3XcJHyY5Mf4Wxxxenge3xzct7cKadV58muRiaHh0TzAghKvhR1Y4spUw9_FELIhcTeiZ2al0Cq2zQjEpPduJiTCI_sF9tuefQKrmeTqGuqUNqmTJssfAMD_c7jO0UfYmavivUA5AY9j0OxWgVK6g4SHxfG9dfFPNoBpx0Qt9cIP2CLZAAOx2smmvROD2POxPXxkZYsV1nwkZvMPFXEjy3JRZL4H84Bo=&p=12&fvj=1&vjs=3
.Net Developer,Addison Group,"Alexandria, VA",Today,https://www.indeed.com/pagead/clk?mo=r&ad=-6NYlbfkN0D2ZZJrNSLWkuWgkN28CDhWSNpZr-3qYw3O0res6wDGcWH1zBsd6yDOo7bxc9cHPcSpQI-if3eAdAiBKNVohKT7y62euXUQZZHxfGNeKwLuTDv3DMCn18nIlBWTHkfb7TXTgNEnbEhq4x-HFS5LxvFRhJLTnB_v2Li0JxEmv7KqhqnnWjfdaltDkrK_iCkdTYR6Bfoo8EeNSK9d_jnL-zQQzzLr3AD7N6ownJXUysbMHITalKNZMCu-Pb697vLnpDAbbEF25KYTQZz3m2cHtQrxvWM3xo0Zc037VW1aj-Nt-M45cwNbXdwgPzrNQ6M-t8l5thPCFtFvmYZcDHe0YEnIDUbb4shqN8pi1UWB8RqQJeULnUJBUQzHq7Cn-wHVSV_WxKsA6iLJazE5v3-UdUvj-srWz2P29QKfvkFLtxrU1MnUA3S6ZrRs0EwW2ouI23aHATaNItAzOBKWLTJ7Z1ePwq5fSSDjor3WqX62o9JIgTSCzvcYEPqJOrS6xTVFFtOrSJCSRCYU1krXkEeM-UOZbRIKd_WAY8c=&p=13&fvj=0&vjs=3
AngularJS or React JS or .Net Developer - Multiple Position for Walmart,vk technology,"Bentonville, AR",Today,https://www.indeed.com/pagead/clk?mo=r&ad=-6NYlbfkN0D13rFVpn1qzBAHDYjQ8Bl8ZefILibnTZYaSRGbVv677s7MvOsY2N6dLd9Xx9IeOjk5v-yOvAktpSS8r8nj8agrPz7CGsxeE6EQp_SrTwxM8ukumZk9dtnXP91P3UfC5oyvssOo39uq6fi07SxFiWKbgyFhF9U9FI8m9vuvaLF9PbKhiBfUp_iGy2qQ0c61iexgVd2MGahMmFwNVxj9-FUKCrP4LtTfKSnd-VGGYgF9ZwS0GUI0yU1sWBBx71xc5udWMptwdwCxScPabOMVwl-6Htv-pVUy2M23_84aUWKNHEI-1NiiAT7oc2rv4GrvzvxdETl9k3uLicWEzSgp1i3yWnrXfM9rEzk6GYaYrHqSNz2b6tkhxumEDOyrYVUGFKMIOW02PcUjKio9HBmVxv50XCkQy0E8PbgdMnn7Q5ouJG2uXZp9FnOdBhMRNIfxpqKZNNYatE4fTAXpB6ubjz9GcEQZS_km_NlLADptBTh_H4zrY8BHfPfXlHPGzfgXZFo=&p=14&fvj=1&vjs=3
Full Stack Developer (.Net/Angular) (W-5045),Myticas Consulting,"Coppell, TX",Just posted,https://www.indeed.com/pagead/clk?mo=r&ad=-6NYlbfkN0Bt274jo0r_e0cCCqhskoQvohXG3bfDAo8rIdE-Msu3yuVfyF2oiDFKHFOU-vxVulDob2KhPKt-zK5PQaxBoWVo_Jf5B5jyxOCVuFuDkQuVsgEMZgzdt3jZOcNNvPFbB1enrEcp8wtOjTOJNJ1ckFWro8uXE5F47HceN3cIsu3PqD6fsUeU3Nr_wNNNoxm_nduf5NKPdEi96-adpV7dr2PfXf9Fljx5PH8q0eKYElf29wf37_bOXYiCnxM2Yi2K9t5H8nmCMDpfRHpBUzuvD8E-iWWdJW19HpMeqPbNPKRlM6s-zHl-P0ZapHlH3yRnqgqvu00tTej2kE8_IPcxAA8yTSBn4IkxsV7zfvfQNjCAlYoJ68WhUZXB1AhFKJMeC40rVXr5yjM6CWtlaokWoB7aGuq4c6ba7HqkICcVs_DoperEXtYGNuCZND4QZeQvCL74ui7iyJb5cw==&p=15&fvj=0&vjs=3
Principal Software Developer,"Apollo Professional Solutions, Inc","Richardson, TX",Today,https://www.indeed.com/pagead/clk?mo=r&ad=-6NYlbfkN0CAhuD5_VJSGKds9a5niLzxiWOcN_E6D1JakCGF8i00d28sSgtQnbmoHCQGv5hWN83--EU2W-lVd8SZzOGkCuvJlbb1HjS37jwjXuGVQNZNLV1DzP2WWWnYi5m1VRZOHhuXotIhC7L8u0u2vZjp7Fve1qAavpLBJnTHoeYb5aN96nRmLilvWTCau_aM35b7CsuVJwm_XuzzC2LvqcdxeZpFbEFDNcHVwCyM8sy_QpctTs0qSZgftY4jsDyEcRShbfEqdBlDk1RLag6kqrPLpPVcFm9yUyAWRYncu7SQ1EXPT_6g415AyOE0ZvPqRwDKhXSNeSMSUENb8NIG2-7kvVGoY8sgMGD9yTqwCwxHSOvXEb04RsCqPlIsotasSfLUXFqu82x25vEOGrFjkldZSf1NxoXKBmXhCNtupnJEHg4o-0Hth8Y14i98DJSFBptUxh93RYBmbuK6kz4I7xpI-hA3QyX7d6qAPdkYuDDZ5KrObw==&p=16&fvj=1&vjs=3
Full Stack Developer (.Net/Angular) (W-5045),Myticas Consulting,"Coppell, TX",Just posted,https://www.indeed.com/pagead/clk?mo=r&ad=-6NYlbfkN0Bt274jo0r_e0cCCqhskoQvohXG3bfDAo8rIdE-Msu3yuVfyF2oiDFKHFOU-vxVulDob2KhPKt-zK5PQaxBoWVo_Jf5B5jyxOCVuFuDkQuVsgEMZgzdt3jZOcNNvPFbB1enrEcp8wtOjTOJNJ1ckFWro8uXE5F47HceN3cIsu3PqNyzFvYlbTJUNgYOwQpBwVpgxG6N6iP3_hXd1sUUQlxpmYyY2uWQqPBhgPoed9z0k5pPb6LxDnneEQk4w1H7aCcgRhDHESmt89bqmnosbnKJmBjEfnFq4-8i_lcjDjMY8b4s-wQarXJOS5FIJxfP7xHO7U-5k4OELQJ8y43ifR3sDuuEpN-5MEii7nY9n1Yet-Gcp3PmkkExXPV_YZqpwD-1tCvT28po6lzQuDF4UWf1HNm1S3kCIlCFH90X87MBPKJf_r8zirvBe7zEXlTdCNfGZJHASfj9zw==&p=0&fvj=0&vjs=3
MS Dynamics CRM Technical Architect.,JNIT Technologies,"Malvern, PA",1 day ago,https://www.indeed.com/company/JNIT-Technologies/jobs/Ms-Dynamic-Crm-Technical-Architect-f770653c6582a05b?fccid=7cd4b59cf980526c&vjs=3
Senior .Net Developer,Cloud BI Solutions Inc,"Bessemer, AL",Just posted,https://www.indeed.com/pagead/clk?mo=r&ad=-6NYlbfkN0BMIN3HEcUZTqbXVKbAL8CAmcZgtvIRxtbTU3KNsohUnfbOZuNfnMR9JkTvwAP5zA78RKbwqSjfnoHnAc7SLHnY6_HLohHyQajhE6u-7azDqUMKKulyECQaOQ3DwwuXOdNFwyTnv_WFgppfpzuGCgYaolSziUOKk_bDP4mjEkAn8SzMecKJupOLAXMz-9atSFlZzqN916ryYaGls5lGslWoYZ0UNPbjR_KmqsIoJcAUZLrEEhBqq-ojcIpJotOtpi-hQ5R-vaTkhmqQxSa3RLmZeWb3GLJI6l9q3BedbSDDT06uczgN_C6RMWLEPgJpFLiU16fyZmIf5RivjEt1S2saM4xXPHnFjjVni1V4o2_yOBO6fL698E2oRti6atna1_rd7sgpvIZ8Q76Kw1a109Gb-ig2snQtrlGWNEPuYAoKRLSwk7HdKmuE9BPFnXCO2Fex0oqXywuE1w==&p=2&fvj=1&vjs=3
Full Stack Developer ( .Net Developer),Kanini Software Solutions,"Princeton, NJ",Just posted,https://www.indeed.com/pagead/clk?mo=r&ad=-6NYlbfkN0COpdIKQqSGdXJbne1jxdB1qoPCfRvVCUtLKvRmqxw5GVFJjJOQdRFrrMYSHz-KhGntu6BrR5EN8YoWLUy8QS0eOU6r--a5Q03np2YSyYkZROi93KavNdB0ecwUmHasZytRa02DLUjDZazy0H-IxPp3pQO_HY_EuGdA7tSbDSq4zd-2UEEH22HwOGwTTXzLCqV1ETmupY3iz8jx50_AnfsnSi_WzwkdqS_TW5f7Y6U9XU2dyUoIJn6oPUAQggaWqiiPbRsNjKX-ThfqKgOfKvthn_MI09cdCTsoR-eEq8GVEVaW2fR9MryQREa6uYuBCh02PRy8pcZ0VxySfOm8TRGbvgwdlU9Qn8diiTeITMWKVZygB5n2T2mNmuT-yQy7nmbl7nyEPY5j27M1FD0fqFdqW3V2CtckwJMMbhYCXcA-VwJnyTqD3L5mTDytBR5CKNI=&p=3&fvj=1&vjs=3
.Net Developer,Addison Group,"Alexandria, VA",Today,https://www.indeed.com/pagead/clk?mo=r&ad=-6NYlbfkN0D2ZZJrNSLWkuWgkN28CDhWSNpZr-3qYw3O0res6wDGcWH1zBsd6yDOo7bxc9cHPcSpQI-if3eAdAiBKNVohKT7y62euXUQZZHxfGNeKwLuTDv3DMCn18nIlBWTHkfb7TXTgNEnbEhq4x-HFS5LxvFRhJLTnB_v2LjoT_6XsRhuSunXqhvrFd_0kl6aXU7kGGL3pmCmi8iKVBnMLxqgfK1fJpf1Ak7BlUXsNhu2-fvQGvmgW4ECK1_pKE-1Pt2zSW3DsV-Pja1_ubWzu9ry9IDPW1gm2OQhPce9akxPjrRq6_YpuCaBQ3FGXpkqE0iBfYOFBGiIOL_QQ8xqtvOIdYYmz3580fa0wri593NOa7qLFhLePhIE2JZTA_mjptBNe8pdA-CyqaLPidMIuUUN2y06pJtazSGQv-a5QhdfUf2LK3IGXgHnyqrv4PSMBGsxQtQILfSRQ_rHQpGkdHic-Dtzn6fMkGWUOfr90k46C-Ey3H5-PA7V6esYGRauKvRMM6HWu3Yhum4eOYMRXSUO9jc9CtmRdI6UIC0=&p=4&fvj=0&vjs=3
Senior .Net Developer,Thomas-Matthew Associates,"Langhorne, PA",1 day ago,https://www.indeed.com/pagead/clk?mo=r&ad=-6NYlbfkN0AsrgAC8JlMmX8PZ3bXytOjFa_IeAqju9XjRP5vIDW_VItVfQVmz-50b1CMqLnpRDHJ_B5lnI9kSlfUK9_tFBDV4hr9jVXwQ9QsHRQF6jE9jL87_D8qu5CxEXlB5DpfFOZ3vHW_EZwbHKjB-PjfIJ2Ynr1PFEbIDHVn_riONqpNb8osRNau_BqalSdRJ-AmdlG2gYGxxyU8wWzkCAWMSK1-YOLpGqmKFIouaG6tAVcgcg24usKIUBtDHc7rJiiKteldGPRfoJD-vq9o3maRVzS5ShZsafNewJrZXtkyNEEYopdx3pYt5Ue3D2FvQPcgn0y5CVGtW78mtLO94C6GhMEktdiAgus0d8BqAqvw702AzNbL6dJQ65VBX8P0tsyjSdCHfYdbe-7ztY2Sr1oJuvK4XNu7HyACieSCtgl6BzE1Q0RXmylnU_WAE7EpbDogLlVyktLxLkebMA==&p=5&fvj=1&vjs=3
AngularJS or React JS or .Net Developer - Multiple Position for Walmart,vk technology,"Bentonville, AR",Today,https://www.indeed.com/pagead/clk?mo=r&ad=-6NYlbfkN0D13rFVpn1qzBAHDYjQ8Bl8ZefILibnTZYaSRGbVv677s7MvOsY2N6dLd9Xx9IeOjk5v-yOvAktpSS8r8nj8agrPz7CGsxeE6EQp_SrTwxM8ukumZk9dtnXP91P3UfC5oyvssOo39uq6fi07SxFiWKbgyFhF9U9FI8m9vuvaLF9PbKhiBfUp_iGRXdMC83Pgh2-iYLnNNvbVzDBhDDThAExOBWfFxeAuH1uHkFpvrLw8JZrcIWOCKDHH1uDc-ik3w9WplHMfMV38u7-Kx6uJLWNRxj31BWTwFk3pQPKicT1eM0ApUc_ykVr3V_WSQiiWmyVSru-jDqI-OQJpueLRjdnhFL92FNNCnAmUUYKaBtSROoSgs14lgBLdVpt1YrL4988PstvfqAnCvAc5FNRmTNJp3ylq1-13W6M1Skxjjtgt_P8SAtT6_WQSNVNSMICXCNqJYhPwchgTVuhdvP-M2h20KCiJkzXPNyiJ0pn1hYJ3QnCtM9Px20v-ouk5QK-6Vs=&p=6&fvj=1&vjs=3
Principal Software Developer,"Apollo Professional Solutions, Inc","Richardson, TX",Today,https://www.indeed.com/pagead/clk?mo=r&ad=-6NYlbfkN0CAhuD5_VJSGKds9a5niLzxiWOcN_E6D1JakCGF8i00d28sSgtQnbmoHCQGv5hWN83--EU2W-lVd8SZzOGkCuvJlbb1HjS37jwjXuGVQNZNLV1DzP2WWWnYi5m1VRZOHhuXotIhC7L8u0u2vZjp7Fve1qAavpLBJnTHoeYb5aN96nRmLilvWTCanefg6fhZBt9HxFxvMm1eaE564NkNn_V-nE0NouT2Sie60VfGRHMzyTGIvTUmLQjwSZZSGxfr4ZsIcYcjq9fvD9SsKwB6GDNHLRsncvFBr45ky6lGfxdlf2vtROL0OEd1Ez1bwf_DS348mv2rHBB48DBX0HR112aVREdBkbyVdYzpNbYLLpdvuZEhYeThRw2J_g7K2vjHNejXGs567Y2heuhfeW9pQrtRwT3_9E6nJEdIUojdaWGXntZXLjE5vLbQklQCrBwAQKXFsrqrFjpRf6PPw05HHH7pPFDlInkoOZCfQUqyKLneIA==&p=7&fvj=1&vjs=3
Front End Developer,Epitec,"Boca Raton, FL",Just posted,https://www.indeed.com/pagead/clk?mo=r&ad=-6NYlbfkN0CyNeFrwqrtQGST5Whkqg-440fCBhMyCDYwKINpdzcRUCMgW7Ak-c_RKpR4bKz4YRguQ4lOO8FxS31ODaK2v8GSfswVCeA9mOfOlgmcftkXgwD8NcYJfYKOLr203DIbciVHIDUJAoZSZBK-BB3hrA85O89KeRlBcrfqG_BDxY0dtCEJlhexKyGLCqCUoZAlsCy4dbNu6tagOFc_pD0w-U6sNJwnJB66FDqY9Vh31ZLhoBD3MHCKQ0979gUftPt_VfEO2bf_8KX82zkUFExkvIZiK7P6hSb8Lnd2ODRsjb6aEKpNVJYkmjd_Jc7VG2DvOj1Lfe3eQmOnA0SBScTISEfeYWDAk7IRhgfRCd-lfXK-dRVZZg--xEtTuU1RtFQUX7YtV9sBz82z0NH_LjFiMKXdk1IHJdmxhUhEoOIZGvD8JxMssa-besRPiZDJ89OPiIWhgjTKyxqHhQ==&p=8&fvj=1&vjs=3
Dynamics 365/CRM Developer,TetraCloud Solutions Corp,"Atlanta, GA",1 day ago,https://www.indeed.com/pagead/clk?mo=r&ad=-6NYlbfkN0AehsUXeATYU6uvjCQHxWDbUO8JpXTu0s0llQ1WpLJARWFidhFpLPtKBwhmvKPPFXruQylcmEpi0UZxRWlycmom_eJ-MaiMIcvfJDEB5VkZhDBM14WyB463FQwaSEbw1-nsj5KYjylGVQacyjzUvXVCCHudCL8MuNmIrbBYvaicpcHG-3dgqoOA8FKJmdPVd7br1q_kMMKNsaoc7m91sZUVlk6bJ_y4JSbmV9BzLsDvZceFEwo3RtXZUZT9meupI9ZLx-cpmr-g49V9uiqvkRYGG8vUhQjC2XqevMM4Eon4mshpvMF-df5s5hNmBK7AKNJOjBacCHD1Bh5byJ1gqwMdcZtbY9rI4tllBOghOFT_066psTJdg7gTbuke3lLNCF3NnSgt4v3RBj_emxm2rWbXvyBwhEMcqisEx1stZEhgsruC_8cpoXKQJORBcWb4Nmo4Fv238bVBIQ==&p=9&fvj=1&vjs=3
"Software Developer (ASP.Net, C#)",AEG Consulting,"Columbia, SC",Today,https://www.indeed.com/pagead/clk?mo=r&ad=-6NYlbfkN0BL7ZyI5EeCUk9KYHeHSFh9fe0ESCf7W-WLJzikbCfLqe_ni7zsCJQDY5o9ZDC0QSEMMmKSVz2ArGn_CtP7m3ZCE3RJ_PHxyPE4In9JKqpFmgx0T-8GB0UAbpfpxdiR3eIXS6we73wJrHUnwF_aH91Xs-DtlmX5MLv7-4zmMsiQuvPST6wMWngm1ff-T7iHxhkTMsy40wRyk_YluihfX5hicmHEKZABjNv_E7MPTzfCnOwBar4_9RKaz7cNSVwccYLefpHxs7nvopRhkJ0em23ZSiEKrs1TlJuxEZa_VrZkYtSyzBNhBn1gPBLhrGEiwY1U6WrZAOCqrYVmQPLIXRPq5zYY5qlN0VBggnXhfrHe9u_xRQcu5EolSoHMLKzH8PvzF_8PcgQowAo7Sax-qfL956dS4edu7LXh7_MhkjsviAZ3LMF2KQR78F3H0yXl1M9kWq_pK_V3iA==&p=10&fvj=1&vjs=3
.NET Developer (9077),Myticas Consulting,"Houston, TX",1 day ago,https://www.indeed.com/pagead/clk?mo=r&ad=-6NYlbfkN0Bt274jo0r_e0cCCqhskoQvohXG3bfDAo8rIdE-Msu3yuVfyF2oiDFKHFOU-vxVulBQSulkdCX2H7nS2mU677EQxhVbTEblMXzk9Q6wdMRH5jMhgtmMho6kBeG792flzHD7UfLKbE0-gdIKB01HMbnw5QjDQalgV5HSeUwMOi0lC_zDY_LQOhlkv_pnZkl8cngnfXXtJ556GFOcSh1JPJWuhOXcsIHYl4-yoSl8nmoD6xKX4-jbA6Q6lFFOe3OITEM4HT_8GxqiD9JIFve39Es10V9OF7PXAu8nZw5j43LbrXRoetF-_ZxLId4-ohh_h3au5dEbIyLYsS0TVn8CQoeoxjzIGN7jazt26bF65XSvvadKbu7UN1bjWQZeYe5ZH73Cl3Pf_e3UDuFiv-ad-UBmZKrk8y-IuIm6jnvn4mPznHsdDcP-yfpPu-rQXhCn-D0=&p=11&fvj=0&vjs=3
Application Developer IV,Kforce,"Irving, TX",Today,https://www.indeed.com/pagead/clk?mo=r&ad=-6NYlbfkN0C5IatSLh_Ak1q39eQQoPIxD737RW9NeiYGvIRXkrLjEKQldVMIR3Zzwu80a71x88IFJaY3PxajMIEPVIBmmUA-cA9cWJ6sJifDJIjftiS8yFkw6TISZmDQFYhvZf4Fq5C5Y2ugbO3vMBViayLG14K0b6-yzq-SSos1xnGLnoKEs0N-fHX8DWQfzTfFudlTVgdiOjx6pSTjqszT_JJYzBw_2gch7xoeoJP60EfftVxBWphMbQ74G-1x9nAQ9h9BEhINHkMrYEYb81_ohDaIiu3agYlmh18C8pLJyGwsAN0BCnOgcJTuNj7OESSEh0unqMZ_iTnrb0J6g-Wz_5P1IukeRRpsDl9Wj89hawx7VAAItK3zgdgKDXGrVngBJw4-gZ4j6pLGlaXj42us4blK1JCtfL3v5l4V8lyI6_ji-V2yN_zaOwNYczjiK1if9Lk-VClGpjrIvLnUPoK1RA4dEmMmSrbfY57-b1UvXRuNY2TPI1nC5RkK6IYwcr8lwYZAVdIzvzGRyTSaDhL1if9tpCW6GQuzPYgCZaG2I7o1N5njz9eT4t5ygZsK&p=12&fvj=0&vjs=3
.NET Developer,Kforce,"Seattle, WA",Today,https://www.indeed.com/pagead/clk?mo=r&ad=-6NYlbfkN0C5IatSLh_Ak1q39eQQoPIxD737RW9NeiYGvIRXkrLjEKQldVMIR3Zzwu80a71x88Id73JiUka1YFI_zaS-frHKhh7mphms5TU4JPxdOMqyxaxBvnmDOIhg5Imxk8djNcw2T4EIQVRDkuTOfPA0EHDgEsEn6Cr44ML6o3mtu130ENLmuyGJhqHU-YnZuw4APZomWqdA8gz81b_mIIFJS12vDby-QyuHCM2RtJQ7HeNI-JMUP5PxVeuzGYqKlvj6jUaEvyZPXzh2iMNxv9q5FWpTR8znAw82U7AUcjf4hWskKFDk3yow9disJw6G5Gl_HTY7Z2GgiiOS9rtmkyZ0sQEixB9fsNYqRQ9S_ZTw0XnZmkh6Pvg8KRJlD9y63PR-Sq9ZHp98PGPJBdyAi8k6lDG0PjmrAFmJEHBYbMGy2_du6PgZYxdYVNTv6UyEVAI8cHNUgC-wMrqsD2251UM8UeMJAn3G3sGH0aUC-AmY0mCs65av4R82_Yg66tb4mhvNM_72rGKxYq5kOMFs65eaOPPk_ZJVExZJmAywh69xaswXSmu3725BQ7T1&p=13&fvj=0&vjs=3
Application Support Analyst/Deployment,Central Point Partners,"Columbus, OH",Just posted,https://www.indeed.com/pagead/clk?mo=r&ad=-6NYlbfkN0C7S9erXqx7onWRBVnfrkvHoJft5r7GnmLgqRoqw23W0SZ1WD3W_d9En3Dt35tYnGb-ADkECeXjJu00-IiNeTDkvDx0JbhjGuX-zadvc40ESqFntcvfLKnq6u8k9SdGWjh0ZJOkegvVTDjMzfzVER8bMvK3KH2s7Gji0h4rUcaaH3NaehUb8SZPTc6zlJf3R-7VJGcaL-dWn-W1Dns1NwwCvZNuNEGq6j7yrNvlHSX6XoYjpsceVYX7Sdj0JcCyAex1Mz8h9L5mfqURzGk4IowkTdVMHUedbi2-yeMoLgTblFgd1q1KxnMtQ2BmitIYjKacoZea5ns0uZN_ICvelpE9F9SzDjG9J58grITUwUnnlR9_OvheO-7h823tOI4YlZOJxfO5kV7ASygB9iiQl4Q_4aIYXQxargRzbwEhq8og5UakOasRHP1mVQhs-MKBD104Pb56yetLkmWjSA33dNmxa_n6DqA6cuMqGe5XCKNeQ39LfqaO5z3y&p=14&fvj=1&vjs=3
Sr. Facets Developer,The Brixton Group,"Durham, NC",Just posted,https://www.indeed.com/pagead/clk?mo=r&ad=-6NYlbfkN0A5e1J4A1IiYN2uVHggpXFiHDgUCI33FqUDGHdDMV76hAYcGm-mTbmT73EY7z_h3J-o-7V8ch89g9xJOZCw80EVEn0V0wtQMonteLNiWAarbS3hiVVNOaHANIoJKLE8_xXm6Y8klqQFu8Lp9fmieZyhpGNE-njzcz2gy5LDR0oCtORo6fAX_wjYuDMI3phn9JztMCqjTlaMTVEnWqg9SRBZ2r8IgC3eKK8n5UiLr1iNmyWeMZAhIYSIiimPaWMe-iC0NJ9D8CpsGR6VC2DxcscqVttIM_6-NMEAMCpUjEs2-qP5355mXl9UdyRITZEu8euJDEHo2ezCZyMv30wyqE_7zH9Z33z62P7DV4EhoxcnH0p3Z_K-eusKBAntYRlis5bl7gqjoaOMouTMfj3PWq6-npooMNHjL_Zx-a-JLsdwm2ycyx0_Ac9BBvCkBvCEr4vs0TbBFBLJvw==&p=15&fvj=1&vjs=3
