position,Company,location,weblink,Job ID,Position Type
 PHP Developer , Sapvix ," Boston, MA, USA",https://www.dice.com/jobs/detail/php-developer-sapvix-boston-ma-30301/10350483/6381495?searchlink=search%2F%3Fq%3Dphp%2520developer%26countryCode%3DUS%26radius%3D30%26radiusUnit%3Dmi%26page%3D1%26pageSize%3D20%26filters.postedDate%3DONE%26filters.employmentType%3DTHIRD_PARTY%26language%3Den&searchId=4e74c258-18fa-4ba1-80dc-0d0323d3183b,Position Id : 6381495,"Contract W2, Contract Independent, Contract Corp-To-Corp"
 PHP Developer , Caresoft ," Santa Clara, CA, USA",https://www.dice.com/jobs/detail/php-developer-caresoft-santa-clara-ca-95050/10108743/NV_WD_CA_30620?searchlink=search%2F%3Fq%3Dphp%2520developer%26countryCode%3DUS%26radius%3D30%26radiusUnit%3Dmi%26page%3D1%26pageSize%3D20%26filters.postedDate%3DONE%26filters.employmentType%3DTHIRD_PARTY%26language%3Den&searchId=4e74c258-18fa-4ba1-80dc-0d0323d3183b,Position Id : NV_WD_CA_30620,"Contract W2, Contract Independent, Contract Corp-To-Corp"
 Drupal/PHP Developer ," DEEGIT, INC. "," Richmond, CA, USA",https://www.dice.com/jobs/detail/drupal%26%2347php-developer-deegit%2C-inc.-richmond-ca-94801/91099677/6454267?searchlink=search%2F%3Fq%3Dphp%2520developer%26countryCode%3DUS%26radius%3D30%26radiusUnit%3Dmi%26page%3D1%26pageSize%3D20%26filters.postedDate%3DONE%26filters.employmentType%3DTHIRD_PARTY%26language%3Den&searchId=4e74c258-18fa-4ba1-80dc-0d0323d3183b,Position Id : 6454267,"Contract W2, Contract Independent, Contract Corp-To-Corp"
 PHP Developer ," Softworld, Inc. "," San Francisco, CA, USA",https://www.dice.com/jobs/detail/php-developer-softworld%2C-inc.-san-francisco-ca-94103/softwinc/Softworld_2313%26%2345295?searchlink=search%2F%3Fq%3Dphp%2520developer%26countryCode%3DUS%26radius%3D30%26radiusUnit%3Dmi%26page%3D1%26pageSize%3D20%26filters.postedDate%3DONE%26filters.employmentType%3DTHIRD_PARTY%26language%3Den&searchId=4e74c258-18fa-4ba1-80dc-0d0323d3183b,Position Id : Softworld_2313-295,"Full Time, Contract W2, C2H W2, Contract Corp-To-Corp, C2H Independent, C2H Corp-To-Corp, Contract Independent"
 PHP Developer- Backend , Adept Scripts ," St. Louis, MO, USA",https://www.dice.com/jobs/detail/php-developer%26%2345-backend-adept-scripts-st.-louis-mo/91099356/6463829?searchlink=search%2F%3Fq%3Dphp%2520developer%26countryCode%3DUS%26radius%3D30%26radiusUnit%3Dmi%26page%3D1%26pageSize%3D20%26filters.postedDate%3DONE%26filters.employmentType%3DTHIRD_PARTY%26language%3Den&searchId=4e74c258-18fa-4ba1-80dc-0d0323d3183b,Position Id : 6463829,"Contract W2, Contract Independent, Contract Corp-To-Corp"
" Drupal 8  and PHP Developer-SanJose,CA ", LiveMindz ," San Jose, CA, USA",https://www.dice.com/jobs/detail/drupal-8--and-php-developer%26%2345sanjose%2Cca-livemindz-san-jose-ca-95002/90915265/2020%26%2345168?searchlink=search%2F%3Fq%3Dphp%2520developer%26countryCode%3DUS%26radius%3D30%26radiusUnit%3Dmi%26page%3D1%26pageSize%3D20%26filters.postedDate%3DONE%26filters.employmentType%3DTHIRD_PARTY%26language%3Den&searchId=4e74c258-18fa-4ba1-80dc-0d0323d3183b,Position Id : 2020-168,"Contract Corp-To-Corp, Contract Independent, Contract W2"
 PHP Developer , Kalven Technologies Inc. ," Washington, DC, USA",https://www.dice.com/jobs/detail/php-developer-kalven-technologies-inc.-washington-d.c.-dc/10464365/6463841?searchlink=search%2F%3Fq%3Dphp%2520developer%26countryCode%3DUS%26radius%3D30%26radiusUnit%3Dmi%26page%3D1%26pageSize%3D20%26filters.postedDate%3DONE%26filters.employmentType%3DTHIRD_PARTY%26language%3Den&searchId=4e74c258-18fa-4ba1-80dc-0d0323d3183b,Position Id : 6463841,"Contract W2, Contract Independent, Contract Corp-To-Corp"
 PHP Full Stack Developer ," Infogium Technologies, LLC "," Jersey City, NJ, USA",https://www.dice.com/jobs/detail/php-full-stack-developer-infogium-technologies%2C-llc-jersey-city-nj-07097/90769273/TGSAPPIOH?searchlink=search%2F%3Fq%3Dphp%2520developer%26countryCode%3DUS%26radius%3D30%26radiusUnit%3Dmi%26page%3D1%26pageSize%3D20%26filters.postedDate%3DONE%26filters.employmentType%3DTHIRD_PARTY%26language%3Den&searchId=4e74c258-18fa-4ba1-80dc-0d0323d3183b,Position Id : TGSAPPIOH,"Contract W2, Contract Independent, Contract Corp-To-Corp"
 PHP/Drupal Developer , United IT Solutions ," Reston, VA, USA",https://www.dice.com/jobs/detail/php%26%2347drupal-developer-united-it-solutions-reston-va-60290/10316517/6099150?searchlink=search%2F%3Fq%3Dphp%2520developer%26countryCode%3DUS%26radius%3D30%26radiusUnit%3Dmi%26page%3D1%26pageSize%3D20%26filters.postedDate%3DONE%26filters.employmentType%3DTHIRD_PARTY%26language%3Den&searchId=4e74c258-18fa-4ba1-80dc-0d0323d3183b,Position Id : 6099150,Contract Corp-To-Corp
" JavaScript Web Developers Omaha, NE local/regional candidates preferred ", CSS Staffing ," Omaha, NE, USA",https://www.dice.com/jobs/detail/javascript-web-developers-omaha%2C-ne-local%26%2347regional-candidates-preferred-css-staffing-omaha-ne-68101/conne001/JavaScriptDvlp?searchlink=search%2F%3Fq%3Dphp%2520developer%26countryCode%3DUS%26radius%3D30%26radiusUnit%3Dmi%26page%3D1%26pageSize%3D20%26filters.postedDate%3DONE%26filters.employmentType%3DTHIRD_PARTY%26language%3Den&searchId=4e74c258-18fa-4ba1-80dc-0d0323d3183b,Position Id : JavaScriptDvlp,"Contract W2, Contract Independent, Contract Corp-To-Corp"
